Date,Price,Open,High,Low,Vol.,Change %,Symbol
15-09-2025,"1,510.90","1,525.60","1,525.60","1,501.90",4.73M,-0.96%,INFY
12-09-2025,"1,525.60","1,537.00","1,542.90","1,521.10",12.86M,1.05%,INFY
11-09-2025,"1,509.70","1,523.90","1,527.50","1,506.50",8.00M,-1.49%,INFY
10-09-2025,"1,532.60","1,510.10","1,534.90","1,509.30",7.28M,1.88%,INFY
09-09-2025,"1,504.30","1,481.00","1,507.20","1,472.50",13.07M,4.98%,INFY
08-09-2025,"1,432.90","1,451.00","1,458.00","1,428.30",3.81M,-0.81%,INFY
05-09-2025,"1,444.60","1,470.00","1,472.70","1,433.00",5.47M,-1.26%,INFY
04-09-2025,"1,463.00","1,484.00","1,484.00","1,460.10",5.79M,-1.09%,INFY
03-09-2025,"1,479.10","1,500.00","1,501.90","1,473.00",4.62M,-1.31%,INFY
02-09-2025,"1,498.70","1,499.40","1,512.80","1,486.30",5.22M,-0.05%,INFY
01-09-2025,"1,499.40","1,476.70","1,503.40","1,476.20",4.55M,2.03%,INFY
29-08-2025,"1,469.60","1,501.90","1,501.90","1,467.70",8.17M,-2.03%,INFY
28-08-2025,"1,500.10","1,529.60","1,529.60","1,498.00",5.44M,-1.93%,INFY
26-08-2025,"1,529.60","1,523.00","1,538.40","1,518.60",15.99M,-0.16%,INFY
25-08-2025,"1,532.10","1,506.70","1,539.00","1,506.70",10.69M,3.00%,INFY
22-08-2025,"1,487.50","1,498.10","1,504.30","1,486.10",5.54M,-0.59%,INFY
21-08-2025,"1,496.40","1,508.00","1,508.00","1,484.30",6.57M,0.01%,INFY
20-08-2025,"1,496.20","1,440.70","1,499.00","1,440.70",10.41M,3.90%,INFY
19-08-2025,"1,440.00","1,432.70","1,449.40","1,432.70",3.99M,0.29%,INFY
18-08-2025,"1,435.80","1,464.70","1,464.70","1,429.60",7.25M,-0.82%,INFY
14-08-2025,"1,447.70","1,426.20","1,470.00","1,426.20",12.90M,1.48%,INFY
13-08-2025,"1,426.60","1,425.00","1,434.00","1,422.40",10.32M,0.18%,INFY
12-08-2025,"1,424.10","1,428.20","1,441.00","1,421.00",9.90M,-0.29%,INFY
11-08-2025,"1,428.20","1,419.90","1,433.40","1,414.00",6.63M,0.36%,INFY
08-08-2025,"1,423.10","1,425.00","1,433.20","1,417.10",10.05M,-0.96%,INFY
07-08-2025,"1,436.90","1,430.00","1,442.00","1,414.20",9.89M,0.01%,INFY
06-08-2025,"1,436.70","1,452.00","1,456.10","1,430.30",10.57M,-1.62%,INFY
05-08-2025,"1,460.30","1,478.70","1,478.70","1,455.00",10.21M,-1.36%,INFY
04-08-2025,"1,480.50","1,461.50","1,482.80","1,451.00",8.61M,0.74%,INFY
01-08-2025,"1,469.60","1,493.90","1,498.70","1,465.50",8.70M,-2.61%,INFY
31-07-2025,"1,509.00","1,509.70","1,527.10","1,497.00",6.85M,-0.66%,INFY
30-07-2025,"1,519.00","1,519.90","1,521.70","1,506.00",5.72M,0.35%,INFY
29-07-2025,"1,513.70","1,512.90","1,517.20","1,496.10",7.07M,-0.15%,INFY
28-07-2025,"1,516.00","1,513.90","1,519.30","1,482.50",6.44M,0.02%,INFY
25-07-2025,"1,515.70","1,543.40","1,549.50","1,511.30",10.85M,-2.37%,INFY
24-07-2025,"1,552.50","1,580.00","1,582.00","1,548.20",14.17M,-1.40%,INFY
23-07-2025,"1,574.50","1,576.30","1,591.90","1,550.00",8.04M,0.23%,INFY
22-07-2025,"1,570.90","1,565.00","1,585.80","1,565.00",8.47M,-0.85%,INFY
21-07-2025,"1,584.30","1,580.00","1,589.00","1,566.80",3.68M,-0.11%,INFY
18-07-2025,"1,586.10","1,592.10","1,599.30","1,580.00",5.16M,0.16%,INFY
17-07-2025,"1,583.50","1,598.00","1,610.00","1,580.10",7.37M,-1.52%,INFY
16-07-2025,"1,607.90","1,579.00","1,612.00","1,578.50",6.22M,1.41%,INFY
15-07-2025,"1,585.60","1,565.10","1,603.60","1,564.00",7.61M,0.97%,INFY
14-07-2025,"1,570.30","1,591.80","1,591.80","1,559.80",9.17M,-1.54%,INFY
11-07-2025,"1,594.90","1,579.10","1,607.10","1,563.00",11.39M,-1.29%,INFY
10-07-2025,"1,615.80","1,638.90","1,638.90","1,607.10",5.33M,-1.10%,INFY
09-07-2025,"1,633.70","1,637.80","1,638.00","1,623.60",4.58M,-0.31%,INFY
08-07-2025,"1,638.70","1,628.00","1,646.20","1,621.50",4.59M,0.72%,INFY
07-07-2025,"1,627.00","1,640.00","1,644.00","1,623.00",3.29M,-0.84%,INFY
04-07-2025,"1,640.70","1,625.00","1,643.40","1,612.30",4.41M,1.36%,INFY
03-07-2025,"1,618.70","1,618.50","1,632.40","1,615.00",5.26M,0.51%,INFY
02-07-2025,"1,610.50","1,618.00","1,649.00","1,603.40",8.65M,0.23%,INFY
01-07-2025,"1,606.80","1,609.00","1,617.70","1,600.50",4.18M,0.31%,INFY
30-06-2025,"1,601.80","1,615.00","1,615.00","1,594.10",6.29M,-0.39%,INFY
27-06-2025,"1,608.00","1,619.00","1,629.60","1,602.40",8.91M,-0.50%,INFY
26-06-2025,"1,616.00","1,608.80","1,624.00","1,606.60",6.52M,0.07%,INFY
25-06-2025,"1,614.90","1,590.00","1,619.90","1,585.10",7.81M,2.11%,INFY
24-06-2025,"1,581.60","1,601.00","1,609.00","1,576.60",8.08M,-0.15%,INFY
23-06-2025,"1,584.00","1,601.00","1,601.00","1,575.40",7.94M,-2.40%,INFY
20-06-2025,"1,622.90","1,619.00","1,630.70","1,608.90",9.20M,0.28%,INFY
19-06-2025,"1,618.40","1,623.90","1,630.00","1,611.50",5.15M,-0.89%,INFY
18-06-2025,"1,632.90","1,621.00","1,644.70","1,621.00",5.63M,-0.43%,INFY
17-06-2025,"1,639.90","1,620.70","1,647.40","1,615.60",7.62M,0.99%,INFY
16-06-2025,"1,623.80","1,600.00","1,634.80","1,597.10",5.59M,1.36%,INFY
13-06-2025,"1,602.00","1,576.00","1,609.00","1,570.20",6.97M,-0.41%,INFY
12-06-2025,"1,608.60","1,617.00","1,628.00","1,598.10",10.48M,-1.38%,INFY
11-06-2025,"1,631.10","1,590.10","1,634.60","1,590.10",10.60M,2.20%,INFY
10-06-2025,"1,596.00","1,584.00","1,607.50","1,577.50",8.59M,1.47%,INFY
09-06-2025,"1,572.90","1,578.00","1,588.00","1,571.00",2.90M,0.58%,INFY
06-06-2025,"1,563.80","1,554.70","1,568.90","1,543.10",3.96M,0.61%,INFY
05-06-2025,"1,554.30","1,547.90","1,567.70","1,541.60",6.95M,0.20%,INFY
04-06-2025,"1,551.20","1,543.00","1,557.30","1,541.40",4.55M,0.53%,INFY
03-06-2025,"1,543.00","1,559.00","1,567.30","1,535.60",6.85M,-0.70%,INFY
02-06-2025,"1,553.80","1,560.00","1,560.00","1,539.00",4.37M,-0.57%,INFY
30-05-2025,"1,562.70","1,571.00","1,572.00","1,555.10",13.15M,-1.44%,INFY
29-05-2025,"1,585.60","1,589.00","1,608.90","1,576.60",8.61M,0.88%,INFY
28-05-2025,"1,571.80","1,581.00","1,587.70","1,570.00",3.62M,0.11%,INFY
27-05-2025,"1,570.10","1,579.90","1,582.90","1,556.40",7.78M,-0.66%,INFY
26-05-2025,"1,580.50","1,566.60","1,583.80","1,562.70",3.17M,1.00%,INFY
23-05-2025,"1,564.80","1,550.00","1,587.20","1,550.00",5.04M,1.12%,INFY
22-05-2025,"1,547.50","1,555.50","1,560.80","1,540.00",6.16M,-1.34%,INFY
21-05-2025,"1,568.50","1,567.90","1,571.00","1,552.10",4.16M,0.51%,INFY
20-05-2025,"1,560.60","1,570.00","1,583.50","1,558.00",7.14M,0.05%,INFY
19-05-2025,"1,559.80","1,576.50","1,585.00","1,555.70",8.86M,-1.89%,INFY
16-05-2025,"1,589.90","1,612.60","1,612.60","1,581.50",4.58M,-1.43%,INFY
15-05-2025,"1,613.00","1,589.80","1,618.60","1,571.00",11.15M,1.29%,INFY
14-05-2025,"1,592.40","1,574.00","1,595.00","1,569.50",4.87M,1.52%,INFY
13-05-2025,"1,568.60","1,609.00","1,612.20","1,564.60",12.85M,-3.58%,INFY
12-05-2025,"1,626.90","1,537.00","1,632.00","1,532.00",11.37M,7.91%,INFY
09-05-2025,"1,507.60","1,500.70","1,511.40","1,494.10",4.48M,-0.25%,INFY
08-05-2025,"1,511.40","1,508.00","1,516.50","1,501.20",8.42M,0.21%,INFY
07-05-2025,"1,508.30","1,500.00","1,518.80","1,496.60",5.69M,-0.21%,INFY
06-05-2025,"1,511.50","1,506.00","1,515.60","1,499.10",4.27M,0.19%,INFY
05-05-2025,"1,508.60","1,515.00","1,523.00","1,502.80",4.28M,0.12%,INFY
02-05-2025,"1,506.80","1,499.70","1,523.20","1,496.20",8.73M,0.45%,INFY
30-04-2025,"1,500.10","1,496.80","1,508.80","1,482.60",7.70M,0.17%,INFY
29-04-2025,"1,497.50","1,482.00","1,509.80","1,474.10",8.06M,1.04%,INFY
28-04-2025,"1,482.10","1,480.20","1,489.60","1,465.30",5.89M,0.13%,INFY
25-04-2025,"1,480.20","1,475.50","1,501.70","1,463.50",8.33M,0.60%,INFY
24-04-2025,"1,471.40","1,469.90","1,482.90","1,461.50",7.11M,-0.24%,INFY
23-04-2025,"1,474.90","1,446.00","1,487.80","1,439.60",11.14M,3.66%,INFY
22-04-2025,"1,422.80","1,440.00","1,440.00","1,419.30",9.40M,-1.94%,INFY
21-04-2025,"1,451.00","1,410.00","1,471.80","1,410.00",15.65M,2.22%,INFY
17-04-2025,"1,419.50","1,398.00","1,429.80","1,378.30",14.26M,0.45%,INFY
16-04-2025,"1,413.10","1,425.00","1,427.50","1,396.80",12.02M,-0.90%,INFY
15-04-2025,"1,426.00","1,445.60","1,447.70","1,409.00",10.18M,1.17%,INFY
11-04-2025,"1,409.45","1,411.25","1,438.80","1,397.05",12.57M,0.41%,INFY
09-04-2025,"1,403.70","1,405.05","1,409.45","1,381.90",8.55M,-1.76%,INFY
08-04-2025,"1,428.80","1,431.00","1,456.50","1,415.00",12.81M,2.29%,INFY
07-04-2025,"1,396.75","1,352.00","1,405.90","1,307.00",21.72M,-3.78%,INFY
04-04-2025,"1,451.65","1,460.50","1,472.00","1,448.00",9.59M,-3.00%,INFY
03-04-2025,"1,496.50","1,534.65","1,534.65","1,485.05",10.46M,-3.46%,INFY
02-04-2025,"1,550.15","1,535.20","1,555.65","1,535.20",6.19M,1.55%,INFY
01-04-2025,"1,526.50","1,539.25","1,547.40","1,517.85",12.68M,-2.81%,INFY
28-03-2025,"1,570.65","1,590.00","1,598.45","1,560.00",6.80M,-2.05%,INFY
27-03-2025,"1,603.55","1,595.55","1,619.95","1,586.00",9.43M,0.26%,INFY
26-03-2025,"1,599.45","1,626.00","1,637.75","1,595.00",6.65M,-1.78%,INFY
25-03-2025,"1,628.45","1,605.00","1,636.15","1,605.00",9.89M,2.24%,INFY
24-03-2025,"1,592.75","1,597.95","1,607.10","1,572.70",8.86M,0.01%,INFY
21-03-2025,"1,592.55","1,577.95","1,603.90","1,563.65",10.07M,-1.42%,INFY
20-03-2025,"1,615.55","1,592.00","1,631.90","1,592.00",7.19M,1.83%,INFY
19-03-2025,"1,586.55","1,603.00","1,603.00","1,572.80",7.39M,-1.42%,INFY
18-03-2025,"1,609.35","1,597.65","1,612.90","1,582.35",6.30M,1.21%,INFY
17-03-2025,"1,590.05","1,545.15","1,594.00","1,545.15",7.53M,0.65%,INFY
13-03-2025,"1,579.85","1,599.25","1,606.05","1,570.30",7.82M,-0.69%,INFY
12-03-2025,"1,590.85","1,636.90","1,636.90","1,563.80",14.87M,-4.26%,INFY
11-03-2025,"1,661.60","1,680.00","1,680.00","1,637.05",12.67M,-2.34%,INFY
10-03-2025,"1,701.45","1,686.00","1,719.00","1,676.20",7.56M,0.92%,INFY
07-03-2025,"1,686.00","1,703.10","1,705.00","1,675.50",8.02M,-1.74%,INFY
06-03-2025,"1,715.85","1,715.00","1,722.30","1,691.10",10.61M,0.25%,INFY
05-03-2025,"1,711.50","1,692.45","1,732.95","1,692.45",8.18M,1.37%,INFY
04-03-2025,"1,688.30","1,695.00","1,699.00","1,670.00",6.76M,-1.19%,INFY
03-03-2025,"1,708.60","1,692.30","1,728.60","1,692.30",7.50M,1.24%,INFY
28-02-2025,"1,687.70","1,755.05","1,755.10","1,682.45",12.18M,-4.34%,INFY
27-02-2025,"1,764.30","1,755.20","1,775.85","1,751.10",5.76M,-0.19%,INFY
25-02-2025,"1,767.70","1,745.15","1,778.45","1,745.15",5.09M,0.20%,INFY
24-02-2025,"1,764.10","1,800.05","1,808.00","1,750.25",7.59M,-2.80%,INFY
21-02-2025,"1,815.00","1,821.80","1,829.85","1,806.20",3.38M,-0.56%,INFY
20-02-2025,"1,825.15","1,805.55","1,831.00","1,805.55",2.22M,0.79%,INFY
19-02-2025,"1,810.80","1,847.40","1,849.20","1,805.90",4.61M,-2.22%,INFY
18-02-2025,"1,851.95","1,842.30","1,861.65","1,837.60",4.37M,0.52%,INFY
17-02-2025,"1,842.30","1,838.55","1,852.75","1,822.15",4.43M,-0.76%,INFY
14-02-2025,"1,856.40","1,854.00","1,859.30","1,828.35",5.29M,0.71%,INFY
13-02-2025,"1,843.25","1,868.50","1,873.50","1,835.65",5.24M,-1.07%,INFY
12-02-2025,"1,863.15","1,885.00","1,894.60","1,847.00",5.63M,-0.67%,INFY
11-02-2025,"1,875.65","1,883.10","1,903.00","1,870.00",4.41M,-0.25%,INFY
10-02-2025,"1,880.30","1,905.00","1,905.00","1,878.60",3.83M,-1.23%,INFY
07-02-2025,"1,903.65","1,919.30","1,923.70","1,889.45",4.13M,-0.63%,INFY
06-02-2025,"1,915.65","1,917.00","1,924.00","1,900.00",4.77M,0.98%,INFY
05-02-2025,"1,897.05","1,906.00","1,919.70","1,894.30",5.00M,-0.09%,INFY
04-02-2025,"1,898.80","1,889.00","1,911.20","1,875.00",7.33M,1.91%,INFY
03-02-2025,"1,863.30","1,836.00","1,876.55","1,832.40",4.82M,0.65%,INFY
01-02-2025,"1,851.35","1,880.30","1,890.60","1,846.00",1.70M,-1.51%,INFY
31-01-2025,"1,879.80","1,871.00","1,897.45","1,871.00",5.82M,1.07%,INFY
30-01-2025,"1,859.95","1,873.15","1,887.20","1,844.00",7.34M,-1.13%,INFY
29-01-2025,"1,881.25","1,845.00","1,888.65","1,840.50",5.15M,2.81%,INFY
28-01-2025,"1,829.75","1,830.00","1,863.50","1,824.90",7.00M,0.43%,INFY
27-01-2025,"1,822.00","1,848.75","1,863.00","1,812.00",7.65M,-2.85%,INFY
24-01-2025,"1,875.45","1,865.50","1,894.90","1,864.25",4.89M,0.54%,INFY
23-01-2025,"1,865.45","1,858.00","1,879.55","1,852.70",5.91M,0.48%,INFY
22-01-2025,"1,856.45","1,807.40","1,865.80","1,805.15",8.37M,3.10%,INFY
21-01-2025,"1,800.70","1,819.05","1,831.65","1,793.05",7.17M,-0.69%,INFY
20-01-2025,"1,813.30","1,822.95","1,827.95","1,793.15",4.33M,-0.12%,INFY
17-01-2025,"1,815.45","1,851.00","1,858.00","1,812.00",16.41M,-5.86%,INFY
16-01-2025,"1,928.45","1,965.95","1,966.95","1,916.85",7.53M,-1.09%,INFY
15-01-2025,"1,949.65","1,947.00","1,958.05","1,937.10",2.99M,0.49%,INFY
14-01-2025,"1,940.05","1,968.85","1,971.80","1,931.10",5.79M,-1.13%,INFY
13-01-2025,"1,962.20","1,956.00","1,982.80","1,949.00",5.80M,-0.24%,INFY
10-01-2025,"1,966.95","1,937.00","1,977.80","1,932.25",8.04M,2.59%,INFY
09-01-2025,"1,917.30","1,934.05","1,951.85","1,910.55",6.83M,-0.82%,INFY
08-01-2025,"1,933.15","1,930.00","1,938.60","1,888.75",5.48M,0.12%,INFY
07-01-2025,"1,930.85","1,945.00","1,958.55","1,923.65",4.29M,-0.36%,INFY
06-01-2025,"1,937.85","1,952.00","1,973.00","1,928.00",7.16M,-0.05%,INFY
03-01-2025,"1,938.75","1,952.95","1,952.95","1,922.00",6.22M,-0.98%,INFY
02-01-2025,"1,957.85","1,887.00","1,962.65","1,885.30",7.08M,4.00%,INFY
01-01-2025,"1,882.50","1,874.00","1,892.95","1,874.00",1.84M,0.13%,INFY
31-12-2024,"1,880.00","1,892.30","1,897.00","1,845.05",3.61M,-1.36%,INFY
30-12-2024,"1,906.00","1,915.70","1,916.00","1,886.50",7.79M,-0.56%,INFY
27-12-2024,"1,916.75","1,909.40","1,924.15","1,903.90",3.94M,0.49%,INFY
26-12-2024,"1,907.40","1,909.05","1,919.75","1,902.30",3.62M,-0.09%,INFY
24-12-2024,"1,909.05","1,927.05","1,942.00","1,840.00",2.36M,-0.79%,INFY
23-12-2024,"1,924.30","1,930.05","1,940.00","1,909.00",2.78M,0.11%,INFY
20-12-2024,"1,922.15","1,975.15","1,979.95","1,911.25",11.06M,-1.24%,INFY
19-12-2024,"1,946.20","1,934.00","1,959.75","1,920.00",5.32M,-1.66%,INFY
18-12-2024,"1,979.15","1,966.80","1,984.95","1,961.60",3.06M,0.13%,INFY
17-12-2024,"1,976.60","1,968.00","1,982.00","1,958.00",5.81M,-0.17%,INFY
16-12-2024,"1,980.05","1,995.45","1,999.60","1,977.60",3.12M,-0.98%,INFY
13-12-2024,"1,999.70","1,969.75","2,006.45","1,953.80",5.36M,0.64%,INFY
12-12-2024,"1,987.00","1,975.20","1,998.80","1,970.55",6.46M,0.65%,INFY
11-12-2024,"1,974.15","1,955.00","1,978.00","1,952.00",5.03M,1.31%,INFY
10-12-2024,"1,948.55","1,939.00","1,965.60","1,932.00",6.17M,1.29%,INFY
09-12-2024,"1,923.65","1,924.20","1,930.20","1,897.20",4.27M,0.07%,INFY
06-12-2024,"1,922.40","1,932.80","1,937.95","1,912.40",3.57M,-0.64%,INFY
05-12-2024,"1,934.85","1,900.00","1,949.90","1,888.95",9.05M,2.41%,INFY
04-12-2024,"1,889.25","1,884.00","1,913.95","1,875.00",4.71M,-0.15%,INFY
03-12-2024,"1,892.10","1,887.00","1,899.75","1,871.15",4.72M,0.65%,INFY
02-12-2024,"1,879.80","1,859.00","1,882.80","1,835.20",2.87M,1.18%,INFY
29-11-2024,"1,857.85","1,851.10","1,877.00","1,845.00",5.24M,0.06%,INFY
28-11-2024,"1,856.65","1,914.90","1,914.90","1,851.65",8.47M,-3.53%,INFY
27-11-2024,"1,924.50","1,930.10","1,941.40","1,911.75",4.45M,0.02%,INFY
26-11-2024,"1,924.15","1,904.95","1,938.60","1,897.30",6.85M,1.82%,INFY
25-11-2024,"1,889.70","1,916.00","1,919.30","1,882.00",12.76M,-0.66%,INFY
22-11-2024,"1,902.25","1,854.10","1,914.05","1,834.00",6.30M,3.72%,INFY
21-11-2024,"1,834.05","1,842.00","1,867.00","1,820.60",5.44M,0.51%,INFY
19-11-2024,"1,824.75","1,825.50","1,859.70","1,820.55",4.67M,0.73%,INFY
18-11-2024,"1,811.45","1,849.20","1,849.20","1,795.00",4.84M,-2.85%,INFY
14-11-2024,"1,864.55","1,865.60","1,876.00","1,856.00",4.31M,-0.21%,INFY
13-11-2024,"1,868.40","1,861.10","1,873.20","1,856.30",4.26M,-0.02%,INFY
12-11-2024,"1,868.80","1,871.10","1,881.00","1,861.00",5.01M,0.47%,INFY
11-11-2024,"1,860.10","1,829.00","1,868.00","1,822.55",3.80M,1.65%,INFY
08-11-2024,"1,829.95","1,818.00","1,840.60","1,813.15",4.21M,1.49%,INFY
07-11-2024,"1,803.05","1,812.95","1,825.70","1,787.00",4.55M,-1.13%,INFY
06-11-2024,"1,823.70","1,764.00","1,827.20","1,762.65",10.42M,3.96%,INFY
05-11-2024,"1,754.20","1,760.00","1,768.45","1,745.00",3.16M,-0.54%,INFY
04-11-2024,"1,763.65","1,724.50","1,767.00","1,718.00",7.34M,0.16%,INFY
01-11-2024,"1,760.85","1,764.50","1,766.00","1,752.05",371.97K,0.20%,INFY
31-10-2024,"1,757.25","1,787.90","1,787.90","1,746.50",7.40M,-2.49%,INFY
30-10-2024,"1,802.10","1,832.00","1,839.00","1,796.35",5.92M,-2.02%,INFY
29-10-2024,"1,839.30","1,846.00","1,851.60","1,829.00",4.62M,-1.40%,INFY
28-10-2024,"1,865.35","1,859.70","1,881.90","1,857.00",7.02M,0.18%,INFY
25-10-2024,"1,862.05","1,863.45","1,876.35","1,846.40",4.69M,-0.07%,INFY
24-10-2024,"1,863.35","1,861.40","1,884.00","1,860.00",2.91M,-0.54%,INFY
23-10-2024,"1,873.40","1,845.25","1,886.00","1,844.00",4.31M,1.18%,INFY
22-10-2024,"1,851.60","1,858.20","1,877.80","1,846.95",4.13M,-0.06%,INFY
21-10-2024,"1,852.75","1,891.10","1,898.80","1,838.00",4.65M,-1.43%,INFY
18-10-2024,"1,879.60","1,893.80","1,936.85","1,869.25",10.53M,-4.50%,INFY
17-10-2024,"1,968.10","1,935.20","1,978.00","1,930.15",8.16M,2.50%,INFY
16-10-2024,"1,920.10","1,955.00","1,959.55","1,916.35",3.11M,-2.00%,INFY
15-10-2024,"1,959.30","1,960.00","1,991.45","1,951.75",5.35M,0.02%,INFY
14-10-2024,"1,958.90","1,932.15","1,969.50","1,931.10",3.75M,1.23%,INFY
11-10-2024,"1,935.10","1,918.00","1,947.00","1,910.10",4.71M,0.84%,INFY
10-10-2024,"1,919.00","1,957.90","1,964.00","1,914.10",4.78M,-1.73%,INFY
09-10-2024,"1,952.75","1,952.55","1,977.00","1,945.10",4.86M,0.22%,INFY
08-10-2024,"1,948.55","1,937.90","1,957.95","1,906.35",5.64M,0.74%,INFY
07-10-2024,"1,934.30","1,923.20","1,942.00","1,916.05",6.11M,0.84%,INFY
04-10-2024,"1,918.15","1,889.55","1,954.10","1,886.00",10.00M,1.31%,INFY
03-10-2024,"1,893.40","1,889.50","1,911.85","1,881.00",7.50M,-0.57%,INFY
01-10-2024,"1,904.35","1,875.00","1,908.95","1,875.00",4.03M,1.53%,INFY
30-09-2024,"1,875.60","1,880.00","1,901.25","1,870.50",6.99M,-1.63%,INFY
27-09-2024,"1,906.75","1,932.10","1,974.60","1,903.30",14.91M,0.34%,INFY
26-09-2024,"1,900.25","1,897.80","1,917.95","1,893.00",8.95M,0.26%,INFY
25-09-2024,"1,895.30","1,886.35","1,901.60","1,876.80",4.27M,-0.17%,INFY
24-09-2024,"1,898.60","1,888.00","1,910.90","1,871.40",7.28M,0.11%,INFY
23-09-2024,"1,896.45","1,909.00","1,918.90","1,878.45",3.64M,-0.49%,INFY
20-09-2024,"1,905.75","1,905.00","1,915.00","1,867.40",15.24M,0.61%,INFY
19-09-2024,"1,894.20","1,910.60","1,924.90","1,878.80",7.98M,0.11%,INFY
18-09-2024,"1,892.15","1,938.75","1,938.75","1,881.30",6.39M,-3.09%,INFY
17-09-2024,"1,952.55","1,947.75","1,958.45","1,942.15",2.79M,0.12%,INFY
16-09-2024,"1,950.25","1,945.75","1,952.00","1,933.05",1.57M,0.32%,INFY
13-09-2024,"1,944.10","1,950.45","1,958.60","1,935.65",3.84M,-0.33%,INFY
12-09-2024,"1,950.45","1,925.00","1,956.40","1,910.80",8.56M,2.11%,INFY
11-09-2024,"1,910.15","1,914.70","1,926.00","1,905.00",5.31M,-0.11%,INFY
10-09-2024,"1,912.30","1,904.90","1,935.00","1,896.00",6.91M,0.93%,INFY
09-09-2024,"1,894.65","1,890.00","1,920.85","1,889.00",4.77M,-0.38%,INFY
06-09-2024,"1,901.85","1,922.00","1,936.50","1,896.85",5.85M,-1.62%,INFY
05-09-2024,"1,933.15","1,926.25","1,940.00","1,909.60",4.08M,0.56%,INFY
04-09-2024,"1,922.45","1,921.10","1,927.20","1,900.05",4.78M,-0.97%,INFY
03-09-2024,"1,941.25","1,967.00","1,967.00","1,936.45",4.69M,-1.18%,INFY
02-09-2024,"1,964.50","1,943.35","1,975.75","1,942.80",5.57M,1.07%,INFY
30-08-2024,"1,943.70","1,938.00","1,950.00","1,928.00",13.47M,0.54%,INFY
29-08-2024,"1,933.35","1,933.00","1,950.50","1,920.90",7.23M,-0.30%,INFY
28-08-2024,"1,939.10","1,906.90","1,951.00","1,897.40",6.51M,2.05%,INFY
27-08-2024,"1,900.10","1,876.15","1,902.75","1,873.90",3.83M,1.28%,INFY
26-08-2024,"1,876.15","1,870.00","1,888.75","1,864.00",3.73M,0.75%,INFY
23-08-2024,"1,862.10","1,878.20","1,882.60","1,857.00",5.02M,-0.97%,INFY
22-08-2024,"1,880.25","1,884.00","1,893.65","1,869.70",4.30M,0.40%,INFY
21-08-2024,"1,872.70","1,875.10","1,879.00","1,867.10",1.97M,0.03%,INFY
20-08-2024,"1,872.20","1,880.00","1,885.70","1,868.20",3.87M,0.40%,INFY
19-08-2024,"1,864.80","1,860.00","1,867.55","1,849.20",2.59M,0.31%,INFY
16-08-2024,"1,858.95","1,850.00","1,861.85","1,829.50",7.34M,1.96%,INFY
14-08-2024,"1,823.25","1,802.00","1,825.00","1,797.45",7.45M,1.44%,INFY
13-08-2024,"1,797.45","1,810.00","1,810.00","1,789.05",4.18M,0.00%,INFY
12-08-2024,"1,797.40","1,773.05","1,803.50","1,768.10",4.32M,1.51%,INFY
09-08-2024,"1,770.75","1,771.25","1,780.75","1,756.00",4.26M,1.58%,INFY
08-08-2024,"1,743.15","1,779.95","1,779.95","1,727.10",6.23M,-2.71%,INFY
07-08-2024,"1,791.65","1,796.00","1,797.90","1,762.10",5.09M,2.32%,INFY
06-08-2024,"1,751.10","1,760.20","1,796.95","1,744.85",7.69M,-0.05%,INFY
05-08-2024,"1,751.90","1,784.95","1,797.50","1,718.55",10.74M,-3.81%,INFY
02-08-2024,"1,821.20","1,843.00","1,859.50","1,816.15",7.40M,-1.69%,INFY
01-08-2024,"1,852.60","1,856.10","1,867.90","1,845.10",7.48M,-0.84%,INFY
31-07-2024,"1,868.25","1,877.00","1,885.15","1,865.05",5.00M,-0.47%,INFY
30-07-2024,"1,877.15","1,871.10","1,879.95","1,860.00",2.72M,0.32%,INFY
29-07-2024,"1,871.10","1,893.60","1,903.00","1,864.00",4.64M,-0.42%,INFY
26-07-2024,"1,878.90","1,825.35","1,883.00","1,825.35",11.37M,2.96%,INFY
25-07-2024,"1,824.85","1,820.00","1,830.90","1,812.00",5.82M,-0.50%,INFY
24-07-2024,"1,833.95","1,837.50","1,842.35","1,819.60",6.00M,-0.16%,INFY
23-07-2024,"1,836.90","1,810.00","1,839.95","1,783.25",7.11M,1.44%,INFY
22-07-2024,"1,810.85","1,800.15","1,823.00","1,792.95",8.46M,1.00%,INFY
19-07-2024,"1,792.95","1,844.00","1,844.00","1,786.45",29.82M,1.99%,INFY
18-07-2024,"1,758.05","1,719.00","1,765.40","1,719.00",11.25M,1.85%,INFY
16-07-2024,"1,726.05","1,718.60","1,737.90","1,700.00",6.89M,1.11%,INFY
15-07-2024,"1,707.05","1,726.20","1,728.00","1,702.65",6.94M,-0.27%,INFY
12-07-2024,"1,711.75","1,680.00","1,719.75","1,666.65",17.08M,3.57%,INFY
11-07-2024,"1,652.70","1,656.00","1,665.00","1,642.05",8.86M,0.27%,INFY
10-07-2024,"1,648.25","1,657.00","1,674.00","1,637.55",9.85M,-0.54%,INFY
09-07-2024,"1,657.15","1,659.90","1,666.75","1,651.00",5.19M,-0.27%,INFY
08-07-2024,"1,661.65","1,643.10","1,666.00","1,640.00",5.88M,0.86%,INFY
05-07-2024,"1,647.45","1,651.45","1,665.85","1,633.35",7.07M,-0.19%,INFY
04-07-2024,"1,650.65","1,628.20","1,660.00","1,628.00",8.01M,1.43%,INFY
03-07-2024,"1,627.40","1,625.00","1,636.00","1,606.00",7.27M,0.39%,INFY
02-07-2024,"1,621.05","1,596.20","1,633.80","1,586.50",10.49M,1.90%,INFY
01-07-2024,"1,590.80","1,559.50","1,599.90","1,559.50",6.80M,1.54%,INFY
28-06-2024,"1,566.75","1,572.55","1,588.50","1,564.25",8.20M,-0.42%,INFY
27-06-2024,"1,573.35","1,538.45","1,578.40","1,532.05",14.76M,2.12%,INFY
26-06-2024,"1,540.70","1,541.00","1,548.85","1,535.00",4.85M,-0.08%,INFY
25-06-2024,"1,541.95","1,526.00","1,543.90","1,520.35",4.55M,0.97%,INFY
24-06-2024,"1,527.15","1,524.55","1,529.10","1,515.40",5.56M,-0.36%,INFY
21-06-2024,"1,532.70","1,545.00","1,557.75","1,523.70",17.30M,1.14%,INFY
20-06-2024,"1,515.40","1,516.30","1,517.50","1,499.10",7.93M,0.27%,INFY
19-06-2024,"1,511.35","1,505.00","1,515.65","1,496.70",5.49M,0.88%,INFY
18-06-2024,"1,498.20","1,497.00","1,507.00","1,495.40",5.42M,0.62%,INFY
14-06-2024,"1,488.90","1,503.70","1,503.70","1,486.05",4.24M,-0.34%,INFY
13-06-2024,"1,493.95","1,495.00","1,505.00","1,489.35",7.31M,0.59%,INFY
12-06-2024,"1,485.20","1,507.00","1,508.75","1,482.75",9.56M,-0.71%,INFY
11-06-2024,"1,495.75","1,500.05","1,506.45","1,493.95",4.85M,-0.27%,INFY
10-06-2024,"1,499.75","1,525.30","1,529.80","1,497.30",6.81M,-2.21%,INFY
07-06-2024,"1,533.60","1,481.00","1,539.70","1,477.25",24.08M,4.17%,INFY
06-06-2024,"1,472.25","1,444.95","1,474.30","1,437.50",12.66M,2.95%,INFY
05-06-2024,"1,430.10","1,400.15","1,438.00","1,400.15",9.23M,2.62%,INFY
04-06-2024,"1,393.65","1,409.00","1,415.00","1,358.35",13.74M,-0.87%,INFY
03-06-2024,"1,405.90","1,440.00","1,440.00","1,404.00",10.59M,-0.07%,INFY
31-05-2024,"1,406.90","1,409.80","1,436.75","1,400.00",37.11M,-0.88%,INFY
30-05-2024,"1,419.45","1,434.71","1,441.72","1,413.58",9.66M,-1.62%,INFY
29-05-2024,"1,442.82","1,457.19","1,457.29","1,441.87",7.40M,-1.10%,INFY
28-05-2024,"1,458.83","1,467.23","1,467.73","1,452.12",6.19M,-0.29%,INFY
27-05-2024,"1,463.10","1,463.60","1,471.31","1,452.07",5.82M,0.43%,INFY
24-05-2024,"1,456.89","1,460.02","1,467.23","1,451.82",5.28M,-0.50%,INFY
23-05-2024,"1,464.15","1,446.55","1,469.87","1,441.87",8.64M,1.21%,INFY
22-05-2024,"1,446.65","1,420.74","1,451.77","1,420.00",7.17M,1.44%,INFY
21-05-2024,"1,426.11","1,421.99","1,436.60","1,420.40",6.75M,-1.21%,INFY
18-05-2024,"1,443.65","1,445.00","1,450.00","1,442.00",318.28K,0.52%,INFY
17-05-2024,"1,436.21","1,448.83","1,448.83","1,431.18",7.54M,-0.62%,INFY
16-05-2024,"1,445.20","1,425.91","1,447.59","1,419.00",9.25M,2.35%,INFY
15-05-2024,"1,411.99","1,418.01","1,423.78","1,410.60",4.33M,-0.33%,INFY
14-05-2024,"1,416.72","1,418.41","1,425.71","1,410.10",3.46M,0.09%,INFY
13-05-2024,"1,415.47","1,417.01","1,417.01","1,403.29",3.74M,-0.10%,INFY
10-05-2024,"1,416.92","1,427.01","1,427.90","1,405.08",8.78M,-1.02%,INFY
09-05-2024,"1,431.48","1,419.55","1,441.82","1,416.86",6.09M,0.86%,INFY
08-05-2024,"1,419.30","1,427.21","1,431.68","1,417.61",6.23M,-0.95%,INFY
07-05-2024,"1,432.88","1,416.96","1,435.26","1,407.67",6.08M,1.06%,INFY
06-05-2024,"1,417.91","1,412.04","1,437.60","1,409.16",6.45M,0.68%,INFY
03-05-2024,"1,408.36","1,414.13","1,416.81","1,395.34",8.84M,0.13%,INFY
02-05-2024,"1,406.52","1,405.08","1,416.02","1,403.94",10.08M,-0.43%,INFY
30-04-2024,"1,412.59","1,426.66","1,428.50","1,409.61",6.94M,-0.99%,INFY
29-04-2024,"1,426.71","1,421.94","1,431.73","1,420.25",5.06M,0.31%,INFY
26-04-2024,"1,422.23","1,431.63","1,437.30","1,419.00",8.06M,-0.57%,INFY
25-04-2024,"1,430.39","1,412.04","1,436.80","1,412.04",9.09M,0.54%,INFY
24-04-2024,"1,422.73","1,436.21","1,436.21","1,419.05",4.27M,-0.81%,INFY
23-04-2024,"1,434.32","1,434.91","1,438.74","1,424.97",4.86M,0.67%,INFY
22-04-2024,"1,424.72","1,411.94","1,428.80","1,405.13",5.86M,1.52%,INFY
19-04-2024,"1,403.34","1,377.24","1,418.85","1,371.02",20.60M,-0.56%,INFY
18-04-2024,"1,411.30","1,413.14","1,436.60","1,399.61",22.11M,0.34%,INFY
16-04-2024,"1,406.52","1,442.87","1,446.99","1,405.13",16.17M,-3.66%,INFY
15-04-2024,"1,459.92","1,471.71","1,483.59","1,452.86",8.53M,-1.12%,INFY
12-04-2024,"1,476.43","1,495.57","1,498.36","1,471.21",12.28M,-1.46%,INFY
10-04-2024,"1,498.36","1,491.94","1,501.39","1,476.23",6.74M,0.80%,INFY
09-04-2024,"1,486.47","1,481.65","1,505.32","1,478.96",9.42M,1.23%,INFY
08-04-2024,"1,468.43","1,474.69","1,482.59","1,465.84",6.61M,-0.16%,INFY
05-04-2024,"1,470.81","1,471.76","1,478.37","1,467.78",5.07M,-0.51%,INFY
04-04-2024,"1,478.37","1,482.20","1,487.27","1,459.77",11.19M,0.41%,INFY
03-04-2024,"1,472.35","1,470.71","1,486.72","1,466.73",8.74M,-0.15%,INFY
02-04-2024,"1,474.54","1,476.53","1,484.78","1,472.55",7.28M,-0.84%,INFY
01-04-2024,"1,487.07","1,516.45","1,521.38","1,484.43",6.58M,-0.17%,INFY
28-03-2024,"1,489.66","1,478.82","1,503.33","1,478.82",12.50M,0.96%,INFY
27-03-2024,"1,475.54","1,487.62","1,490.60","1,473.25",6.86M,-0.59%,INFY
26-03-2024,"1,484.29","1,483.64","1,499.00","1,479.56",8.35M,-1.07%,INFY
22-03-2024,"1,500.39","1,512.48","1,520.33","1,489.80",14.67M,-2.95%,INFY
21-03-2024,"1,545.99","1,555.23","1,568.11","1,534.75",11.06M,-0.02%,INFY
20-03-2024,"1,546.24","1,554.24","1,566.12","1,543.65",4.76M,-0.42%,INFY
19-03-2024,"1,552.70","1,583.43","1,590.04","1,549.27",6.87M,-2.57%,INFY
18-03-2024,"1,593.67","1,620.86","1,623.50","1,589.89",4.96M,-1.92%,INFY
15-03-2024,"1,624.84","1,631.90","1,636.58","1,609.28",11.81M,-1.17%,INFY
14-03-2024,"1,644.04","1,605.35","1,648.46","1,598.99",8.80M,2.60%,INFY
13-03-2024,"1,602.37","1,603.86","1,615.40","1,589.59",5.69M,-0.10%,INFY
12-03-2024,"1,603.91","1,591.03","1,615.89","1,588.70",4.61M,0.77%,INFY
11-03-2024,"1,591.63","1,599.14","1,604.76","1,579.10",6.75M,-0.98%,INFY
07-03-2024,"1,607.39","1,607.54","1,619.32","1,595.21",6.35M,-0.07%,INFY
06-03-2024,"1,608.48","1,593.82","1,611.07","1,567.17",6.42M,0.69%,INFY
05-03-2024,"1,597.50","1,624.84","1,628.17","1,593.02",4.60M,-1.88%,INFY
04-03-2024,"1,628.03","1,648.56","1,655.12","1,624.49",4.45M,-1.71%,INFY
02-03-2024,"1,656.30","1,659.75","1,662.65","1,654.05",292.15K,0.66%,INFY
01-03-2024,"1,645.43","1,659.65","1,662.58","1,641.75",6.39M,-1.15%,INFY
29-02-2024,"1,664.52","1,655.67","1,672.82","1,644.04",7.81M,0.16%,INFY
28-02-2024,"1,661.88","1,660.64","1,678.34","1,652.74",3.19M,0.46%,INFY
27-02-2024,"1,654.28","1,651.69","1,661.73","1,643.54",5.16M,0.21%,INFY
26-02-2024,"1,650.85","1,665.56","1,665.56","1,635.78",2.78M,-1.00%,INFY
23-02-2024,"1,667.45","1,687.49","1,688.93","1,662.53",5.37M,-0.27%,INFY
22-02-2024,"1,671.93","1,655.67","1,675.16","1,635.19",5.84M,1.56%,INFY
21-02-2024,"1,646.27","1,664.62","1,664.62","1,636.08",4.30M,-1.76%,INFY
20-02-2024,"1,675.81","1,675.56","1,684.76","1,659.40",3.71M,-0.85%,INFY
19-02-2024,"1,690.22","1,695.44","1,701.91","1,678.24",3.69M,-0.11%,INFY
16-02-2024,"1,692.11","1,679.54","1,699.42","1,678.49",4.88M,1.51%,INFY
15-02-2024,"1,666.96","1,667.60","1,678.29","1,652.29",4.83M,0.61%,INFY
14-02-2024,"1,656.86","1,650.90","1,660.09","1,626.33",3.77M,-1.09%,INFY
13-02-2024,"1,675.11","1,673.57","1,679.63","1,654.18",2.70M,0.26%,INFY
12-02-2024,"1,670.69","1,660.99","1,683.46","1,660.99",3.56M,0.64%,INFY
09-02-2024,"1,659.99","1,675.26","1,683.41","1,650.50",4.60M,-1.34%,INFY
08-02-2024,"1,682.62","1,688.48","1,696.79","1,673.37",5.92M,-0.10%,INFY
07-02-2024,"1,684.26","1,719.31","1,719.31","1,677.40",4.61M,-2.06%,INFY
06-02-2024,"1,719.76","1,677.30","1,723.29","1,664.57",7.69M,2.50%,INFY
05-02-2024,"1,677.74","1,685.25","1,691.22","1,672.43",3.63M,-0.36%,INFY
02-02-2024,"1,683.86","1,656.71","1,708.87","1,655.67",7.86M,2.19%,INFY
01-02-2024,"1,647.76","1,650.25","1,667.60","1,641.10",5.76M,-0.23%,INFY
31-01-2024,"1,651.59","1,639.01","1,657.91","1,628.92",6.76M,0.57%,INFY
30-01-2024,"1,642.19","1,653.13","1,680.53","1,639.01",5.00M,-0.31%,INFY
29-01-2024,"1,647.32","1,655.82","1,669.94","1,638.37",4.25M,-0.75%,INFY
25-01-2024,"1,659.75","1,663.57","1,671.13","1,648.71",8.87M,-0.38%,INFY
24-01-2024,"1,666.01","1,650.60","1,670.58","1,635.78",9.00M,2.02%,INFY
23-01-2024,"1,632.95","1,640.85","1,665.31","1,628.52",9.40M,-0.96%,INFY
20-01-2024,"1,648.85","1,665.55","1,669.25","1,645.00",1.16M,-0.06%,INFY
19-01-2024,"1,649.90","1,642.34","1,656.17","1,634.94",4.52M,1.01%,INFY
18-01-2024,"1,633.40","1,633.44","1,639.76","1,619.13",6.38M,0.15%,INFY
17-01-2024,"1,631.01","1,611.17","1,638.27","1,611.17",9.21M,0.53%,INFY
16-01-2024,"1,622.41","1,635.58","1,639.26","1,615.89",6.50M,-1.24%,INFY
15-01-2024,"1,642.84","1,635.73","1,655.62","1,626.83",13.23M,2.44%,INFY
12-01-2024,"1,603.71","1,553.25","1,608.93","1,546.68",26.75M,7.93%,INFY
11-01-2024,"1,485.83","1,516.35","1,516.45","1,478.27",11.30M,-1.69%,INFY
10-01-2024,"1,511.38","1,516.40","1,526.84","1,496.57",4.10M,-0.61%,INFY
09-01-2024,"1,520.73","1,533.26","1,544.30","1,517.30",4.41M,0.43%,INFY
08-01-2024,"1,514.27","1,520.38","1,527.39","1,504.77",4.44M,-0.64%,INFY
05-01-2024,"1,523.96","1,498.31","1,531.07","1,497.81",8.90M,1.31%,INFY
04-01-2024,"1,504.22","1,496.52","1,511.23","1,484.53",7.06M,1.52%,INFY
03-01-2024,"1,481.65","1,511.43","1,511.43","1,479.66",7.55M,-2.89%,INFY
02-01-2024,"1,525.80","1,537.34","1,540.47","1,514.46",5.40M,-1.09%,INFY
01-01-2024,"1,542.66","1,530.38","1,548.28","1,526.65",2.81M,0.55%,INFY
29-12-2023,"1,534.25","1,532.41","1,550.71","1,531.37",4.39M,-1.26%,INFY
28-12-2023,"1,553.89","1,560.16","1,560.16","1,546.29",5.70M,-0.28%,INFY
27-12-2023,"1,558.32","1,535.35","1,561.20","1,535.35",4.23M,1.50%,INFY
26-12-2023,"1,535.30","1,526.40","1,539.32","1,514.46",6.88M,-1.21%,INFY
22-12-2023,"1,554.14","1,526.35","1,557.22","1,514.46",6.74M,1.75%,INFY
21-12-2023,"1,527.39","1,512.72","1,537.98","1,512.72",5.32M,-0.03%,INFY
20-12-2023,"1,527.79","1,556.28","1,574.63","1,521.43",6.59M,-1.41%,INFY
19-12-2023,"1,549.57","1,561.30","1,565.13","1,534.60",4.22M,-0.39%,INFY
18-12-2023,"1,555.58","1,559.16","1,584.07","1,551.56",6.47M,-0.89%,INFY
15-12-2023,"1,569.56","1,514.52","1,579.65","1,512.48",18.40M,5.13%,INFY
14-12-2023,"1,493.04","1,455.20","1,502.53","1,453.16",12.49M,3.62%,INFY
13-12-2023,"1,440.88","1,467.73","1,467.78","1,425.12",8.55M,-1.83%,INFY
12-12-2023,"1,467.78","1,469.22","1,481.65","1,459.43",6.10M,-0.84%,INFY
11-12-2023,"1,480.16","1,481.65","1,489.60","1,473.69",3.86M,-0.18%,INFY
08-12-2023,"1,482.79","1,462.16","1,486.32","1,458.03",6.32M,1.72%,INFY
07-12-2023,"1,457.69","1,464.60","1,464.60","1,453.61",4.42M,-0.57%,INFY
06-12-2023,"1,466.04","1,448.59","1,468.72","1,442.92",5.27M,1.40%,INFY
05-12-2023,"1,445.80","1,457.59","1,458.68","1,433.92",5.12M,-0.71%,INFY
04-12-2023,"1,456.14","1,452.27","1,463.65","1,441.18",5.51M,0.83%,INFY
01-12-2023,"1,444.16","1,451.72","1,451.72","1,438.05",3.49M,-0.20%,INFY
30-11-2023,"1,446.99","1,445.11","1,452.46","1,441.43",10.12M,-0.30%,INFY
29-11-2023,"1,451.42","1,442.97","1,452.51","1,441.68",3.88M,1.17%,INFY
28-11-2023,"1,434.61","1,435.91","1,436.90","1,419.05",3.76M,0.37%,INFY
24-11-2023,"1,429.34","1,437.45","1,444.51","1,425.81",2.97M,-0.82%,INFY
23-11-2023,"1,441.13","1,459.67","1,459.67","1,439.59",3.19M,-0.59%,INFY
22-11-2023,"1,449.63","1,428.15","1,450.77","1,428.15",3.11M,1.31%,INFY
21-11-2023,"1,430.94","1,433.92","1,441.87","1,428.70",3.79M,0.17%,INFY
20-11-2023,"1,428.55","1,433.92","1,443.86","1,425.62",3.58M,-0.07%,INFY
17-11-2023,"1,429.49","1,432.97","1,442.87","1,427.01",4.90M,-0.51%,INFY
16-11-2023,"1,436.80","1,408.16","1,445.26","1,402.69",6.67M,2.44%,INFY
15-11-2023,"1,402.60","1,391.16","1,406.08","1,385.19",8.55M,2.69%,INFY
13-11-2023,"1,365.85","1,372.12","1,374.70","1,363.17",3.46M,-1.61%,INFY
12-11-2023,"1,388.20","1,380.05","1,389.10","1,380.05",572.24K,1.99%,INFY
10-11-2023,"1,361.18","1,362.27","1,365.45","1,353.37",2.94M,-0.43%,INFY
09-11-2023,"1,367.10","1,388.08","1,389.67","1,362.37",5.50M,-1.16%,INFY
08-11-2023,"1,383.20","1,397.13","1,397.13","1,378.68",3.55M,-0.95%,INFY
07-11-2023,"1,396.43","1,392.15","1,398.02","1,387.03",2.27M,0.07%,INFY
06-11-2023,"1,395.44","1,386.09","1,399.36","1,383.01",2.74M,1.03%,INFY
03-11-2023,"1,381.27","1,372.32","1,384.20","1,370.03",3.35M,1.38%,INFY
02-11-2023,"1,362.47","1,362.32","1,368.59","1,354.02",3.76M,1.18%,INFY
01-11-2023,"1,346.56","1,365.35","1,369.73","1,344.07",3.09M,-1.04%,INFY
31-10-2023,"1,360.73","1,372.22","1,373.41","1,355.36",3.45M,-0.63%,INFY
30-10-2023,"1,369.33","1,372.61","1,372.61","1,355.46",2.67M,-0.24%,INFY
27-10-2023,"1,372.61","1,356.01","1,377.24","1,356.01",4.63M,1.54%,INFY
26-10-2023,"1,351.83","1,347.46","1,366.30","1,345.52",6.36M,-0.77%,INFY
25-10-2023,"1,362.37","1,391.16","1,394.69","1,353.67",6.94M,-2.74%,INFY
23-10-2023,"1,400.76","1,417.61","1,424.32","1,397.38",2.64M,-1.30%,INFY
20-10-2023,"1,419.25","1,421.99","1,430.44","1,417.26",3.93M,-0.45%,INFY
19-10-2023,"1,425.62","1,418.11","1,431.58","1,418.11",6.80M,-0.48%,INFY
18-10-2023,"1,432.48","1,433.92","1,445.85","1,430.29",4.26M,-0.13%,INFY
17-10-2023,"1,434.37","1,432.18","1,445.20","1,429.99",3.92M,0.58%,INFY
16-10-2023,"1,426.11","1,424.07","1,435.51","1,421.99",4.85M,0.21%,INFY
13-10-2023,"1,423.13","1,397.13","1,429.94","1,392.15",17.97M,-2.34%,INFY
12-10-2023,"1,457.29","1,483.54","1,495.97","1,443.86",11.08M,-1.93%,INFY
11-10-2023,"1,486.03","1,488.61","1,509.74","1,473.15",7.22M,-0.05%,INFY
10-10-2023,"1,486.77","1,475.58","1,488.61","1,460.87",5.69M,1.34%,INFY
09-10-2023,"1,467.18","1,456.69","1,482.64","1,454.01",3.57M,-0.22%,INFY
06-10-2023,"1,470.41","1,461.27","1,476.18","1,455.10",3.60M,1.04%,INFY
05-10-2023,"1,455.25","1,443.86","1,467.38","1,442.07",7.38M,1.32%,INFY
04-10-2023,"1,436.26","1,417.01","1,441.82","1,410.25",4.51M,0.72%,INFY
03-10-2023,"1,425.96","1,428.00","1,428.95","1,412.34",4.18M,-0.10%,INFY
29-09-2023,"1,427.41","1,424.07","1,438.69","1,408.06",6.07M,-0.28%,INFY
28-09-2023,"1,431.38","1,459.67","1,464.35","1,426.96",5.81M,-1.88%,INFY
27-09-2023,"1,458.78","1,447.84","1,461.36","1,441.92",3.86M,0.43%,INFY
26-09-2023,"1,452.46","1,470.86","1,471.61","1,450.82",4.00M,-0.92%,INFY
25-09-2023,"1,465.89","1,481.50","1,481.50","1,463.30",4.22M,-1.47%,INFY
22-09-2023,"1,487.77","1,483.54","1,498.51","1,476.88",5.46M,-0.37%,INFY
21-09-2023,"1,493.33","1,478.22","1,496.12","1,467.73",6.78M,0.77%,INFY
20-09-2023,"1,481.90","1,467.93","1,486.72","1,467.93",4.17M,-0.10%,INFY
18-09-2023,"1,483.44","1,496.47","1,496.47","1,479.66",3.99M,-1.31%,INFY
15-09-2023,"1,503.13","1,509.49","1,509.89","1,500.54",8.66M,0.31%,INFY
14-09-2023,"1,498.51","1,496.57","1,504.07","1,490.75",6.44M,0.57%,INFY
13-09-2023,"1,489.95","1,496.57","1,496.57","1,480.31",4.80M,-0.18%,INFY
12-09-2023,"1,492.69","1,474.19","1,495.57","1,468.82",6.79M,1.67%,INFY
11-09-2023,"1,468.18","1,461.36","1,469.77","1,456.29",4.18M,0.47%,INFY
08-09-2023,"1,461.36","1,455.30","1,466.49","1,452.02",3.13M,0.23%,INFY
07-09-2023,"1,457.98","1,462.36","1,465.14","1,453.86",4.41M,-0.76%,INFY
06-09-2023,"1,469.17","1,473.59","1,474.59","1,455.10",5.08M,-0.10%,INFY
05-09-2023,"1,470.61","1,456.79","1,471.76","1,448.34",5.50M,0.94%,INFY
04-09-2023,"1,456.89","1,434.91","1,461.76","1,426.66",4.61M,1.47%,INFY
01-09-2023,"1,435.76","1,422.93","1,437.90","1,420.20",3.58M,0.59%,INFY
31-08-2023,"1,427.41","1,427.11","1,436.80","1,420.64",9.79M,0.02%,INFY
30-08-2023,"1,427.11","1,419.00","1,428.60","1,416.02",3.07M,1.23%,INFY
29-08-2023,"1,409.70","1,416.02","1,416.42","1,407.37",3.07M,0.14%,INFY
28-08-2023,"1,407.72","1,412.14","1,416.81","1,403.49",3.13M,-0.31%,INFY
25-08-2023,"1,412.14","1,405.08","1,414.53","1,403.49",4.31M,-0.25%,INFY
24-08-2023,"1,415.62","1,413.53","1,417.06","1,406.52",5.17M,1.11%,INFY
23-08-2023,"1,400.06","1,408.06","1,408.66","1,397.77",2.56M,0.30%,INFY
22-08-2023,"1,395.88","1,396.83","1,398.17","1,388.82",2.89M,-0.12%,INFY
21-08-2023,"1,397.52","1,381.96","1,399.11","1,379.38",3.03M,1.20%,INFY
18-08-2023,"1,381.02","1,395.83","1,400.81","1,378.38",5.13M,-1.61%,INFY
17-08-2023,"1,403.64","1,412.04","1,412.04","1,398.12",5.62M,-0.49%,INFY
16-08-2023,"1,410.55","1,402.89","1,411.99","1,397.52",7.74M,1.79%,INFY
14-08-2023,"1,385.74","1,364.16","1,387.18","1,357.95",4.30M,1.58%,INFY
11-08-2023,"1,364.16","1,384.20","1,389.02","1,359.39",5.78M,-1.24%,INFY
10-08-2023,"1,381.31","1,383.80","1,387.98","1,377.83",3.87M,-0.38%,INFY
09-08-2023,"1,386.59","1,376.24","1,388.18","1,374.75",4.09M,0.30%,INFY
08-08-2023,"1,382.41","1,385.04","1,385.74","1,376.64",4.16M,-0.20%,INFY
07-08-2023,"1,385.19","1,380.12","1,387.18","1,369.28",3.73M,1.06%,INFY
04-08-2023,"1,370.63","1,361.23","1,378.13","1,354.37",5.71M,1.03%,INFY
03-08-2023,"1,356.65","1,342.44","1,358.89","1,341.44",6.50M,0.55%,INFY
02-08-2023,"1,349.25","1,361.63","1,364.26","1,340.89",7.42M,-0.61%,INFY
01-08-2023,"1,357.55","1,354.37","1,361.33","1,349.40",6.06M,0.70%,INFY
31-07-2023,"1,348.10","1,341.19","1,349.89","1,325.78",7.90M,1.13%,INFY
28-07-2023,"1,332.99","1,346.26","1,356.21","1,328.51",6.12M,-0.93%,INFY
27-07-2023,"1,345.57","1,350.99","1,356.16","1,339.50",9.19M,0.32%,INFY
26-07-2023,"1,341.29","1,335.47","1,342.44","1,331.89",5.53M,1.07%,INFY
25-07-2023,"1,327.12","1,329.51","1,335.32","1,316.83",6.80M,-0.15%,INFY
24-07-2023,"1,329.11","1,333.48","1,342.33","1,326.77",8.86M,0.38%,INFY
21-07-2023,"1,324.14","1,312.80","1,342.44","1,297.69",45.55M,-8.13%,INFY
20-07-2023,"1,441.38","1,462.76","1,462.76","1,432.63",8.35M,-1.73%,INFY
19-07-2023,"1,466.68","1,477.67","1,490.40","1,452.51",13.69M,-0.02%,INFY
18-07-2023,"1,466.93","1,425.96","1,469.67","1,420.99",16.74M,3.67%,INFY
17-07-2023,"1,414.98","1,417.96","1,450.77","1,406.37",11.57M,-0.21%,INFY
14-07-2023,"1,417.96","1,372.91","1,421.99","1,372.91",12.83M,4.46%,INFY
13-07-2023,"1,357.45","1,327.42","1,369.08","1,323.39",9.98M,2.39%,INFY
12-07-2023,"1,325.83","1,343.43","1,344.32","1,319.56",8.10M,-1.13%,INFY
11-07-2023,"1,341.04","1,325.98","1,343.33","1,319.56",6.13M,1.46%,INFY
10-07-2023,"1,321.70","1,329.06","1,334.38","1,311.91",3.94M,-0.08%,INFY
07-07-2023,"1,322.75","1,326.52","1,338.26","1,317.92",6.30M,-1.02%,INFY
06-07-2023,"1,336.37","1,335.03","1,339.90","1,329.66",5.96M,-0.25%,INFY
05-07-2023,"1,339.75","1,350.24","1,350.34","1,333.48",5.41M,0.16%,INFY
04-07-2023,"1,337.61","1,336.77","1,338.46","1,323.94",5.80M,0.86%,INFY
03-07-2023,"1,326.23","1,322.55","1,338.46","1,321.01",7.73M,-0.13%,INFY
30-06-2023,"1,328.02","1,300.87","1,331.40","1,297.14",12.82M,3.26%,INFY
28-06-2023,"1,286.10","1,282.77","1,289.43","1,274.22",5.66M,1.11%,INFY
27-06-2023,"1,271.98","1,272.83","1,274.82","1,267.06",3.24M,0.69%,INFY
26-06-2023,"1,263.23","1,263.13","1,266.86","1,255.18",3.40M,0.42%,INFY
23-06-2023,"1,257.91","1,269.30","1,272.18","1,256.27",7.24M,-1.29%,INFY
22-06-2023,"1,274.37","1,282.17","1,282.17","1,266.36",6.68M,-1.37%,INFY
21-06-2023,"1,292.07","1,292.67","1,296.49","1,287.74",4.04M,-0.31%,INFY
20-06-2023,"1,296.10","1,286.75","1,297.69","1,283.86",4.01M,0.73%,INFY
19-06-2023,"1,286.75","1,286.75","1,292.22","1,279.84",4.45M,0.18%,INFY
16-06-2023,"1,284.41","1,279.79","1,294.21","1,273.87",8.54M,0.38%,INFY
15-06-2023,"1,279.59","1,286.70","1,286.70","1,275.46",6.16M,-1.05%,INFY
14-06-2023,"1,293.11","1,299.03","1,299.38","1,285.95",3.46M,-0.34%,INFY
13-06-2023,"1,297.54","1,292.61","1,299.18","1,289.78",4.85M,1.00%,INFY
12-06-2023,"1,284.71","1,266.36","1,288.44","1,265.87",4.79M,2.05%,INFY
09-06-2023,"1,258.86","1,275.31","1,275.31","1,256.92",5.34M,-1.31%,INFY
08-06-2023,"1,275.61","1,278.99","1,284.76","1,273.92",5.03M,-0.48%,INFY
07-06-2023,"1,281.73","1,283.27","1,286.75","1,275.31",5.40M,0.78%,INFY
06-06-2023,"1,271.83","1,281.38","1,281.38","1,265.87",10.01M,-1.95%,INFY
05-06-2023,"1,297.19","1,296.69","1,302.11","1,290.03",5.00M,0.42%,INFY
02-06-2023,"1,291.72","1,301.66","1,305.54","1,288.79",10.91M,-1.55%,INFY
01-06-2023,"1,312.11","1,315.14","1,322.05","1,310.71",4.28M,0.09%,INFY
31-05-2023,"1,310.91","1,312.45","1,323.64","1,306.79",17.80M,-0.42%,INFY
30-05-2023,"1,316.43","1,307.63","1,318.97","1,301.81",6.27M,0.72%,INFY
29-05-2023,"1,307.03","1,325.23","1,325.23","1,302.51",4.42M,-0.23%,INFY
26-05-2023,"1,310.07","1,298.68","1,316.03","1,298.68",5.52M,1.00%,INFY
25-05-2023,"1,297.04","1,287.25","1,299.68","1,282.03",4.33M,0.44%,INFY
24-05-2023,"1,291.37","1,289.04","1,297.69","1,284.06",4.82M,-0.11%,INFY
23-05-2023,"1,292.77","1,291.92","1,306.79","1,289.78",7.44M,0.56%,INFY
22-05-2023,"1,285.56","1,265.82","1,288.34","1,263.13",7.63M,1.88%,INFY
19-05-2023,"1,261.79","1,249.01","1,266.16","1,245.78",11.09M,1.84%,INFY
18-05-2023,"1,239.02","1,251.55","1,252.59","1,235.49",6.95M,-0.07%,INFY
17-05-2023,"1,239.91","1,253.54","1,253.88","1,235.49",10.47M,-1.38%,INFY
16-05-2023,"1,257.21","1,257.91","1,266.81","1,255.67",5.24M,0.47%,INFY
15-05-2023,"1,251.30","1,242.90","1,261.79","1,238.67",5.53M,1.06%,INFY
12-05-2023,"1,238.22","1,246.33","1,248.96","1,232.11",8.29M,-0.87%,INFY
11-05-2023,"1,249.06","1,263.13","1,268.75","1,246.03",6.89M,-0.57%,INFY
10-05-2023,"1,256.17","1,269.25","1,269.25","1,252.09",6.52M,-0.59%,INFY
09-05-2023,"1,263.58","1,258.91","1,264.87","1,253.64",4.97M,0.40%,INFY
08-05-2023,"1,258.51","1,255.38","1,263.18","1,248.17",5.26M,0.52%,INFY
05-05-2023,"1,252.04","1,271.83","1,271.83","1,247.22",5.37M,-1.13%,INFY
04-05-2023,"1,266.41","1,261.84","1,268.65","1,255.43",4.51M,0.35%,INFY
03-05-2023,"1,262.04","1,258.91","1,265.37","1,255.03",5.55M,-0.65%,INFY
02-05-2023,"1,270.29","1,247.52","1,272.58","1,247.52",8.89M,1.97%,INFY
28-04-2023,"1,245.73","1,248.66","1,251.94","1,237.97",10.12M,0.52%,INFY
27-04-2023,"1,239.27","1,223.11","1,240.81","1,218.53",8.02M,1.52%,INFY
26-04-2023,"1,220.67","1,221.12","1,226.09","1,213.71",5.68M,0.22%,INFY
25-04-2023,"1,218.04","1,219.08","1,228.58","1,208.19",6.81M,-0.11%,INFY
24-04-2023,"1,219.43","1,221.12","1,223.11","1,211.17",8.31M,-0.09%,INFY
21-04-2023,"1,220.47","1,221.22","1,226.34","1,213.16",8.69M,0.32%,INFY
20-04-2023,"1,216.54","1,223.80","1,230.91","1,214.56",8.62M,-0.71%,INFY
19-04-2023,"1,225.30","1,247.32","1,247.32","1,222.51",11.31M,-2.16%,INFY
18-04-2023,"1,252.29","1,262.83","1,262.83","1,246.08",12.43M,0.08%,INFY
17-04-2023,"1,251.25","1,243.29","1,254.08","1,178.66",53.17M,-9.42%,INFY
13-04-2023,"1,381.42","1,401.85","1,403.14","1,375.25",11.27M,-2.74%,INFY
12-04-2023,"1,420.30","1,405.13","1,423.48","1,392.15",5.83M,1.58%,INFY
11-04-2023,"1,398.27","1,420.89","1,425.32","1,381.22",6.94M,-1.50%,INFY
10-04-2023,"1,419.60","1,415.97","1,425.96","1,407.07",4.99M,0.40%,INFY
06-04-2023,"1,413.93","1,408.06","1,420.40","1,402.45",6.95M,-0.12%,INFY
05-04-2023,"1,415.57","1,392.15","1,419.50","1,392.15",7.51M,0.90%,INFY
03-04-2023,"1,402.94","1,426.96","1,426.96","1,397.28",5.24M,-1.20%,INFY
31-03-2023,"1,419.95","1,396.13","1,421.94","1,386.09",8.71M,3.21%,INFY
29-03-2023,"1,375.80","1,371.27","1,382.11","1,356.90",8.81M,0.43%,INFY
28-03-2023,"1,369.88","1,384.30","1,390.17","1,368.14",6.63M,-0.82%,INFY
27-03-2023,"1,381.17","1,378.48","1,387.93","1,366.40",4.17M,0.60%,INFY
24-03-2023,"1,372.91","1,380.22","1,391.11","1,369.78",7.56M,0.44%,INFY
23-03-2023,"1,366.85","1,376.19","1,376.19","1,362.32",7.61M,-1.06%,INFY
22-03-2023,"1,381.46","1,395.14","1,399.36","1,374.40",8.36M,-0.10%,INFY
21-03-2023,"1,382.91","1,391.16","1,397.13","1,382.21",8.54M,-0.92%,INFY
20-03-2023,"1,395.78","1,411.74","1,411.74","1,377.09",8.22M,-1.20%,INFY
17-03-2023,"1,412.74","1,421.99","1,434.81","1,403.49",9.09M,1.18%,INFY
16-03-2023,"1,396.23","1,409.85","1,409.85","1,390.86",7.32M,-1.10%,INFY
15-03-2023,"1,411.69","1,429.94","1,434.76","1,408.91",7.56M,-0.02%,INFY
14-03-2023,"1,412.04","1,432.93","1,440.23","1,403.09",7.40M,-1.05%,INFY
13-03-2023,"1,427.06","1,455.99","1,470.02","1,420.00",8.80M,-2.48%,INFY
10-03-2023,"1,463.30","1,451.82","1,466.04","1,449.48",3.70M,-0.60%,INFY
09-03-2023,"1,472.10","1,486.62","1,489.95","1,466.34",5.10M,-0.82%,INFY
08-03-2023,"1,484.33","1,482.20","1,487.62","1,472.80",4.14M,-0.98%,INFY
06-03-2023,"1,499.00","1,486.18","1,511.88","1,484.78",6.56M,1.90%,INFY
03-03-2023,"1,471.01","1,478.42","1,481.45","1,464.74",4.62M,0.49%,INFY
02-03-2023,"1,463.90","1,476.68","1,480.26","1,459.08",4.64M,-1.60%,INFY
01-03-2023,"1,487.67","1,484.04","1,492.44","1,473.20",5.13M,0.57%,INFY
28-02-2023,"1,479.21","1,507.11","1,515.46","1,473.00",9.68M,-1.44%,INFY
27-02-2023,"1,500.84","1,531.37","1,531.37","1,493.58",4.92M,-2.67%,INFY
24-02-2023,"1,541.96","1,551.26","1,560.21","1,536.34",2.79M,0.00%,INFY
23-02-2023,"1,542.01","1,561.05","1,561.05","1,539.47",4.77M,-0.71%,INFY
22-02-2023,"1,553.05","1,554.24","1,566.17","1,546.58",3.66M,-1.12%,INFY
21-02-2023,"1,570.65","1,589.74","1,592.67","1,567.17",2.72M,-0.81%,INFY
20-02-2023,"1,583.53","1,576.07","1,594.02","1,573.63",2.42M,0.55%,INFY
17-02-2023,"1,574.92","1,585.07","1,586.06","1,566.67",2.86M,-1.12%,INFY
16-02-2023,"1,592.82","1,591.03","1,605.40","1,588.90",4.29M,0.30%,INFY
15-02-2023,"1,588.10","1,575.12","1,590.04","1,567.17",3.47M,0.24%,INFY
14-02-2023,"1,584.32","1,575.82","1,587.06","1,569.31",5.04M,1.65%,INFY
13-02-2023,"1,558.67","1,588.05","1,588.05","1,557.22",4.00M,-2.56%,INFY
10-02-2023,"1,599.54","1,603.91","1,607.24","1,587.50",4.79M,-0.52%,INFY
09-02-2023,"1,607.94","1,587.26","1,610.67","1,577.16",6.90M,1.67%,INFY
08-02-2023,"1,581.59","1,556.73","1,594.02","1,556.73",7.98M,1.80%,INFY
07-02-2023,"1,553.64","1,560.21","1,567.22","1,546.39",4.34M,-0.47%,INFY
06-02-2023,"1,561.05","1,589.05","1,589.05","1,552.85",4.57M,-1.85%,INFY
03-02-2023,"1,590.44","1,588.55","1,595.66","1,564.19",7.04M,0.99%,INFY
02-02-2023,"1,574.88","1,543.30","1,578.06","1,543.30",6.92M,2.10%,INFY
01-02-2023,"1,542.41","1,533.56","1,546.34","1,519.49",6.19M,1.13%,INFY
31-01-2023,"1,525.16","1,540.22","1,540.22","1,504.52",9.45M,-0.33%,INFY
30-01-2023,"1,530.18","1,520.23","1,535.35","1,511.48",6.96M,1.29%,INFY
27-01-2023,"1,510.64","1,537.34","1,542.26","1,498.95",6.21M,-1.55%,INFY
25-01-2023,"1,534.35","1,538.33","1,547.28","1,530.13",4.16M,-0.57%,INFY
24-01-2023,"1,543.20","1,551.26","1,560.01","1,541.06",5.20M,0.25%,INFY
23-01-2023,"1,539.32","1,526.40","1,544.59","1,519.54",4.86M,1.47%,INFY
20-01-2023,"1,517.00","1,529.38","1,536.34","1,515.46",6.50M,-0.87%,INFY
19-01-2023,"1,530.28","1,531.27","1,540.87","1,517.60",6.17M,-0.42%,INFY
18-01-2023,"1,536.74","1,536.09","1,543.15","1,530.97",5.84M,0.38%,INFY
17-01-2023,"1,530.87","1,518.44","1,533.56","1,515.46",5.92M,0.92%,INFY
16-01-2023,"1,516.95","1,501.54","1,519.44","1,493.88",6.07M,1.45%,INFY
13-01-2023,"1,495.22","1,475.19","1,510.89","1,459.77",11.61M,1.56%,INFY
12-01-2023,"1,472.30","1,473.65","1,476.68","1,446.85",6.59M,0.64%,INFY
11-01-2023,"1,463.01","1,461.76","1,485.63","1,455.80",6.17M,0.10%,INFY
10-01-2023,"1,461.51","1,473.69","1,475.58","1,445.90",7.16M,-0.99%,INFY
09-01-2023,"1,476.13","1,440.08","1,481.00","1,440.08",11.50M,2.48%,INFY
06-01-2023,"1,440.38","1,461.76","1,466.73","1,438.39",6.44M,-1.81%,INFY
05-01-2023,"1,466.93","1,497.46","1,497.46","1,461.02",9.87M,-1.31%,INFY
04-01-2023,"1,486.42","1,512.48","1,512.48","1,482.74",7.06M,-1.82%,INFY
03-01-2023,"1,514.02","1,511.33","1,524.06","1,506.61",4.55M,-0.10%,INFY
02-01-2023,"1,515.46","1,505.52","1,517.94","1,495.62",3.80M,1.05%,INFY
30-12-2022,"1,499.75","1,519.44","1,521.82","1,495.62",5.06M,-0.62%,INFY
29-12-2022,"1,509.05","1,495.57","1,512.78","1,492.59",4.62M,0.49%,INFY
28-12-2022,"1,501.69","1,496.67","1,516.40","1,490.10",5.03M,-0.31%,INFY
27-12-2022,"1,506.36","1,501.49","1,512.92","1,489.11",4.86M,0.83%,INFY
26-12-2022,"1,493.98","1,492.09","1,501.44","1,487.96",4.12M,0.35%,INFY
23-12-2022,"1,488.71","1,500.24","1,501.44","1,484.63",6.28M,-1.64%,INFY
22-12-2022,"1,513.52","1,512.97","1,521.38","1,503.28",6.30M,0.83%,INFY
21-12-2022,"1,501.09","1,506.51","1,512.48","1,493.93",6.24M,0.15%,INFY
20-12-2022,"1,498.85","1,492.59","1,507.50","1,474.14",7.40M,0.00%,INFY
19-12-2022,"1,498.90","1,499.50","1,508.40","1,486.67",6.22M,-0.98%,INFY
16-12-2022,"1,513.67","1,516.45","1,540.82","1,503.58",9.63M,-1.19%,INFY
15-12-2022,"1,531.87","1,560.51","1,561.20","1,526.65",6.44M,-2.46%,INFY
14-12-2022,"1,570.55","1,573.13","1,579.60","1,564.19",4.98M,0.46%,INFY
13-12-2022,"1,563.34","1,538.53","1,568.66","1,532.51",6.14M,1.61%,INFY
12-12-2022,"1,538.53","1,541.31","1,557.17","1,521.48",8.04M,-1.41%,INFY
09-12-2022,"1,560.51","1,618.88","1,618.88","1,552.35",8.88M,-3.14%,INFY
08-12-2022,"1,611.07","1,596.50","1,614.80","1,589.54",4.21M,0.91%,INFY
07-12-2022,"1,596.50","1,598.99","1,614.70","1,587.75",4.90M,-0.46%,INFY
06-12-2022,"1,603.86","1,615.89","1,616.89","1,598.54",4.82M,-1.64%,INFY
05-12-2022,"1,630.56","1,628.82","1,635.63","1,614.20",3.82M,0.11%,INFY
02-12-2022,"1,628.72","1,646.72","1,652.49","1,624.79",4.28M,-1.16%,INFY
01-12-2022,"1,647.81","1,646.92","1,663.23","1,643.04",5.41M,1.35%,INFY
30-11-2022,"1,625.79","1,610.87","1,636.53","1,604.11",11.87M,0.36%,INFY
29-11-2022,"1,619.92","1,612.11","1,629.57","1,606.00",3.13M,0.35%,INFY
28-11-2022,"1,614.30","1,618.88","1,644.23","1,610.92",3.83M,-0.75%,INFY
25-11-2022,"1,626.48","1,622.26","1,634.79","1,604.76",4.56M,0.36%,INFY
24-11-2022,"1,620.67","1,580.09","1,626.83","1,575.87",5.28M,2.95%,INFY
23-11-2022,"1,574.28","1,580.00","1,583.08","1,570.45",3.25M,-0.12%,INFY
22-11-2022,"1,576.17","1,560.21","1,579.10","1,553.25",3.40M,1.07%,INFY
21-11-2022,"1,559.41","1,573.23","1,578.95","1,555.29",3.07M,-1.58%,INFY
18-11-2022,"1,584.47","1,582.78","1,589.05","1,566.67",3.13M,0.38%,INFY
17-11-2022,"1,578.50","1,588.25","1,593.82","1,574.08",3.47M,-0.96%,INFY
16-11-2022,"1,593.82","1,588.20","1,599.98","1,584.57",4.50M,0.55%,INFY
15-11-2022,"1,585.07","1,569.01","1,588.90","1,563.94",3.50M,0.55%,INFY
14-11-2022,"1,576.42","1,566.32","1,582.48","1,559.66",4.91M,0.97%,INFY
11-11-2022,"1,561.30","1,537.98","1,564.68","1,537.98",7.21M,4.54%,INFY
10-11-2022,"1,493.53","1,476.68","1,503.53","1,476.68",3.44M,-0.61%,INFY
09-11-2022,"1,502.73","1,520.43","1,520.43","1,492.69",3.33M,0.25%,INFY
07-11-2022,"1,499.00","1,512.87","1,519.34","1,482.74",4.90M,-0.43%,INFY
04-11-2022,"1,505.52","1,511.93","1,511.93","1,492.74",4.51M,-1.09%,INFY
03-11-2022,"1,522.17","1,530.13","1,535.25","1,513.12",3.17M,-1.45%,INFY
02-11-2022,"1,544.59","1,563.19","1,563.94","1,536.34",2.94M,-1.25%,INFY
01-11-2022,"1,564.19","1,544.35","1,566.17","1,538.43",4.54M,2.30%,INFY
31-10-2022,"1,529.03","1,521.67","1,537.73","1,521.67",4.54M,1.61%,INFY
28-10-2022,"1,504.77","1,517.45","1,519.39","1,498.56",3.05M,-0.70%,INFY
27-10-2022,"1,515.41","1,522.22","1,526.30","1,504.02",6.76M,-0.15%,INFY
25-10-2022,"1,517.75","1,519.54","1,524.31","1,512.53",3.91M,0.56%,INFY
24-10-2022,"1,509.34","1,509.99","1,513.27","1,502.53",982.84K,1.16%,INFY
21-10-2022,"1,492.09","1,491.89","1,497.56","1,482.99",3.59M,-0.03%,INFY
20-10-2022,"1,492.49","1,466.73","1,495.57","1,465.94",4.58M,1.04%,INFY
19-10-2022,"1,477.13","1,495.57","1,496.52","1,473.00",3.55M,-1.21%,INFY
18-10-2022,"1,495.27","1,501.54","1,502.48","1,488.86",4.69M,0.92%,INFY
17-10-2022,"1,481.60","1,468.62","1,486.62","1,467.23",4.29M,1.06%,INFY
14-10-2022,"1,465.99","1,476.68","1,485.63","1,459.03",14.99M,3.83%,INFY
13-10-2022,"1,411.94","1,422.98","1,429.89","1,407.07",4.82M,-0.62%,INFY
12-10-2022,"1,420.69","1,428.95","1,433.02","1,405.63",5.48M,0.34%,INFY
11-10-2022,"1,415.82","1,454.45","1,471.36","1,412.14",12.82M,-2.66%,INFY
10-10-2022,"1,454.45","1,418.36","1,456.79","1,418.36",5.27M,0.79%,INFY
07-10-2022,"1,443.07","1,438.24","1,449.68","1,432.08",3.99M,-0.27%,INFY
06-10-2022,"1,446.99","1,436.90","1,451.62","1,436.01",6.18M,1.80%,INFY
04-10-2022,"1,421.39","1,411.74","1,424.22","1,406.08",6.63M,2.56%,INFY
03-10-2022,"1,385.94","1,404.09","1,404.09","1,378.23",4.94M,-1.39%,INFY
30-09-2022,"1,405.53","1,381.17","1,411.35","1,368.29",8.12M,1.06%,INFY
29-09-2022,"1,390.81","1,397.03","1,401.95","1,385.19",6.12M,0.28%,INFY
28-09-2022,"1,386.88","1,371.27","1,397.97","1,369.28",7.02M,0.08%,INFY
27-09-2022,"1,385.74","1,385.64","1,398.62","1,370.28",8.56M,0.96%,INFY
26-09-2022,"1,372.52","1,352.38","1,391.61","1,347.41",9.41M,1.08%,INFY
23-09-2022,"1,357.80","1,359.84","1,386.98","1,354.37",10.43M,-0.18%,INFY
22-09-2022,"1,360.28","1,358.69","1,376.19","1,352.38",9.17M,-0.68%,INFY
21-09-2022,"1,369.53","1,372.17","1,381.02","1,360.73",7.92M,-0.81%,INFY
20-09-2022,"1,380.77","1,400.06","1,405.63","1,377.34",7.22M,-0.13%,INFY
19-09-2022,"1,382.51","1,384.20","1,398.12","1,372.86",6.60M,0.96%,INFY
16-09-2022,"1,369.33","1,417.01","1,417.01","1,360.68",20.46M,-3.89%,INFY
15-09-2022,"1,424.77","1,466.73","1,466.93","1,421.04",12.78M,-2.89%,INFY
14-09-2022,"1,467.13","1,488.61","1,490.55","1,463.75",14.33M,-4.50%,INFY
13-09-2022,"1,536.29","1,543.20","1,544.30","1,532.66",4.95M,0.57%,INFY
12-09-2022,"1,527.59","1,517.25","1,537.24","1,512.63",5.49M,1.62%,INFY
09-09-2022,"1,503.18","1,479.66","1,511.48","1,471.71",4.82M,2.42%,INFY
08-09-2022,"1,467.63","1,466.73","1,472.80","1,455.40",4.06M,1.25%,INFY
07-09-2022,"1,449.48","1,431.93","1,457.54","1,429.99",3.60M,0.18%,INFY
06-09-2022,"1,446.95","1,453.11","1,461.76","1,437.35",3.43M,-0.42%,INFY
05-09-2022,"1,453.11","1,442.87","1,458.78","1,438.24",3.67M,0.57%,INFY
02-09-2022,"1,444.86","1,469.72","1,469.72","1,439.89",5.18M,-0.76%,INFY
01-09-2022,"1,455.99","1,451.87","1,459.87","1,442.92",8.14M,-1.93%,INFY
30-08-2022,"1,484.58","1,464.84","1,487.72","1,457.79",6.73M,2.13%,INFY
29-08-2022,"1,453.56","1,460.32","1,460.32","1,441.87",8.08M,-3.93%,INFY
26-08-2022,"1,513.02","1,526.55","1,536.29","1,508.95",3.08M,0.22%,INFY
25-08-2022,"1,509.64","1,539.32","1,540.02","1,505.27",4.33M,-1.26%,INFY
24-08-2022,"1,528.88","1,526.40","1,537.34","1,522.42",2.89M,-0.32%,INFY
23-08-2022,"1,533.76","1,539.32","1,545.79","1,524.41",5.55M,-2.11%,INFY
22-08-2022,"1,566.82","1,577.11","1,590.04","1,565.18",3.95M,-1.34%,INFY
19-08-2022,"1,588.15","1,576.42","1,595.91","1,576.22",4.74M,0.89%,INFY
18-08-2022,"1,574.08","1,585.17","1,589.24","1,565.18",4.64M,-1.45%,INFY
17-08-2022,"1,597.25","1,587.50","1,602.97","1,576.12",4.07M,0.61%,INFY
16-08-2022,"1,587.50","1,599.98","1,599.98","1,582.18",3.00M,0.15%,INFY
12-08-2022,"1,585.17","1,604.26","1,604.95","1,581.24",3.56M,-1.60%,INFY
11-08-2022,"1,610.87","1,620.86","1,622.21","1,606.94",3.46M,1.09%,INFY
10-08-2022,"1,593.47","1,612.11","1,612.11","1,579.20",4.42M,-1.05%,INFY
08-08-2022,"1,610.32","1,607.94","1,612.91","1,587.06",3.76M,0.17%,INFY
05-08-2022,"1,607.59","1,599.39","1,616.59","1,593.32",5.36M,1.05%,INFY
04-08-2022,"1,590.93","1,578.60","1,594.86","1,566.12",7.40M,2.16%,INFY
03-08-2022,"1,557.32","1,540.32","1,561.20","1,531.27",6.01M,1.46%,INFY
02-08-2022,"1,534.95","1,537.88","1,538.33","1,519.79",4.37M,-0.48%,INFY
01-08-2022,"1,542.36","1,555.23","1,555.23","1,529.28",2.98M,0.09%,INFY
29-07-2022,"1,541.02","1,524.21","1,546.98","1,519.44",7.01M,2.13%,INFY
28-07-2022,"1,508.90","1,488.01","1,515.91","1,481.50",6.64M,3.15%,INFY
27-07-2022,"1,462.81","1,442.87","1,464.74","1,436.90",4.52M,1.37%,INFY
26-07-2022,"1,443.02","1,488.26","1,488.26","1,436.90",7.27M,-3.49%,INFY
25-07-2022,"1,495.17","1,471.81","1,508.65","1,471.81",7.86M,-0.18%,INFY
22-07-2022,"1,497.86","1,525.40","1,531.37","1,483.79",7.02M,-1.74%,INFY
21-07-2022,"1,524.31","1,508.50","1,526.84","1,494.68",5.01M,1.16%,INFY
20-07-2022,"1,506.81","1,492.84","1,517.25","1,491.59",5.08M,2.10%,INFY
19-07-2022,"1,475.83","1,463.30","1,478.52","1,461.86",3.42M,-0.39%,INFY
18-07-2022,"1,481.55","1,441.87","1,485.23","1,439.94",5.84M,4.16%,INFY
15-07-2022,"1,422.33","1,437.90","1,437.90","1,402.74",5.62M,0.10%,INFY
14-07-2022,"1,420.84","1,442.87","1,444.81","1,406.08",6.16M,-1.08%,INFY
13-07-2022,"1,436.35","1,441.87","1,451.82","1,430.54",5.26M,0.41%,INFY
12-07-2022,"1,430.54","1,453.61","1,460.37","1,427.95",4.71M,-2.35%,INFY
11-07-2022,"1,464.89","1,486.62","1,491.49","1,458.18",4.70M,-2.73%,INFY
08-07-2022,"1,505.96","1,506.51","1,508.45","1,491.54",3.65M,1.05%,INFY
07-07-2022,"1,490.30","1,494.63","1,505.47","1,487.32",3.32M,0.47%,INFY
06-07-2022,"1,483.29","1,473.89","1,491.59","1,461.76",5.21M,1.06%,INFY
05-07-2022,"1,467.68","1,490.40","1,501.49","1,463.75",7.38M,-0.81%,INFY
04-07-2022,"1,479.66","1,471.95","1,483.89","1,453.81",4.80M,0.58%,INFY
01-07-2022,"1,471.11","1,445.85","1,476.68","1,434.27",4.65M,1.20%,INFY
30-06-2022,"1,453.71","1,456.84","1,473.69","1,446.85",9.17M,-0.09%,INFY
29-06-2022,"1,455.05","1,456.49","1,468.72","1,448.83",5.06M,-1.14%,INFY
28-06-2022,"1,471.85","1,460.77","1,479.91","1,444.86",4.41M,0.38%,INFY
27-06-2022,"1,466.34","1,459.82","1,475.68","1,456.94",4.51M,2.32%,INFY
24-06-2022,"1,433.02","1,449.83","1,459.28","1,420.89",6.11M,-0.78%,INFY
23-06-2022,"1,444.31","1,431.73","1,449.83","1,424.97",6.25M,1.06%,INFY
22-06-2022,"1,429.20","1,428.00","1,451.42","1,426.96",6.25M,-0.87%,INFY
21-06-2022,"1,441.78","1,416.02","1,447.84","1,414.78",6.27M,2.53%,INFY
20-06-2022,"1,406.22","1,382.26","1,414.38","1,374.26",4.60M,1.94%,INFY
17-06-2022,"1,379.53","1,383.26","1,389.12","1,359.49",9.69M,-0.71%,INFY
16-06-2022,"1,389.37","1,429.94","1,435.66","1,384.20",6.64M,-1.76%,INFY
15-06-2022,"1,414.23","1,432.13","1,438.29","1,410.90",4.65M,-1.27%,INFY
14-06-2022,"1,432.48","1,402.10","1,440.78","1,395.29",6.09M,1.13%,INFY
13-06-2022,"1,416.52","1,435.51","1,435.51","1,403.79",6.99M,-3.54%,INFY
10-06-2022,"1,468.52","1,477.77","1,485.58","1,465.34",6.52M,-2.52%,INFY
09-06-2022,"1,506.51","1,476.68","1,508.45","1,473.20",4.36M,1.00%,INFY
08-06-2022,"1,491.59","1,511.68","1,511.68","1,483.64",4.70M,-0.44%,INFY
07-06-2022,"1,498.26","1,511.33","1,511.33","1,494.18",4.90M,-1.53%,INFY
06-06-2022,"1,521.48","1,507.50","1,527.99","1,484.63",6.62M,0.55%,INFY
03-06-2022,"1,513.17","1,516.35","1,546.29","1,509.49",9.40M,0.91%,INFY
02-06-2022,"1,499.55","1,475.68","1,505.37","1,467.33",7.21M,1.99%,INFY
01-06-2022,"1,470.26","1,504.52","1,506.26","1,463.85",8.74M,-1.67%,INFY
31-05-2022,"1,495.17","1,502.23","1,509.49","1,479.81",16.03M,-1.52%,INFY
30-05-2022,"1,518.24","1,478.67","1,521.43","1,476.68",10.90M,4.48%,INFY
27-05-2022,"1,453.16","1,435.86","1,458.78","1,429.34",8.28M,2.63%,INFY
26-05-2022,"1,415.97","1,410.05","1,421.99","1,399.17",13.04M,0.96%,INFY
25-05-2022,"1,402.55","1,426.96","1,434.42","1,391.41",9.63M,-2.12%,INFY
24-05-2022,"1,432.93","1,460.37","1,461.31","1,427.21",5.69M,-1.87%,INFY
23-05-2022,"1,460.17","1,446.95","1,479.66","1,441.92",5.89M,0.91%,INFY
20-05-2022,"1,446.99","1,444.86","1,458.53","1,438.59",10.49M,1.96%,INFY
19-05-2022,"1,419.15","1,472.70","1,476.38","1,409.70",16.56M,-5.44%,INFY
18-05-2022,"1,500.74","1,513.47","1,541.02","1,496.86",6.59M,-0.61%,INFY
17-05-2022,"1,509.94","1,486.52","1,516.45","1,472.60",6.52M,1.40%,INFY
16-05-2022,"1,489.10","1,510.00","1,511.85","1,478.65",6.15M,-1.02%,INFY
13-05-2022,"1,504.40","1,519.30","1,529.25","1,498.10",6.72M,-0.29%,INFY
12-05-2022,"1,508.80","1,514.00","1,527.50","1,504.30",7.03M,-1.18%,INFY
11-05-2022,"1,526.75","1,549.95","1,549.95","1,511.60",7.85M,-1.69%,INFY
10-05-2022,"1,553.00","1,558.00","1,569.15","1,546.05",6.21M,-1.10%,INFY
09-05-2022,"1,570.35","1,540.00","1,586.80","1,522.15",6.83M,1.78%,INFY
06-05-2022,"1,542.85","1,550.00","1,561.85","1,535.05",6.17M,-2.67%,INFY
05-05-2022,"1,585.15","1,560.05","1,589.40","1,557.45",6.14M,3.23%,INFY
04-05-2022,"1,535.55","1,547.25","1,570.00","1,530.15",6.22M,-0.35%,INFY
02-05-2022,"1,541.00","1,550.90","1,552.75","1,531.00",7.07M,-1.69%,INFY
29-04-2022,"1,567.55","1,590.00","1,597.30","1,560.80",9.83M,-0.95%,INFY
28-04-2022,"1,582.60","1,570.00","1,601.80","1,557.45",9.25M,1.92%,INFY
27-04-2022,"1,552.80","1,572.75","1,572.75","1,550.35",8.82M,-1.78%,INFY
26-04-2022,"1,581.00","1,577.20","1,592.00","1,566.55",5.35M,1.27%,INFY
25-04-2022,"1,561.10","1,572.80","1,572.80","1,554.10",7.00M,-1.54%,INFY
22-04-2022,"1,585.45","1,604.35","1,610.70","1,582.40",8.13M,-2.06%,INFY
21-04-2022,"1,618.80","1,595.00","1,627.20","1,589.25",7.77M,1.96%,INFY
20-04-2022,"1,587.70","1,575.00","1,596.30","1,563.00",10.68M,1.65%,INFY
19-04-2022,"1,562.00","1,636.65","1,636.65","1,550.00",17.04M,-3.66%,INFY
18-04-2022,"1,621.40","1,605.50","1,650.00","1,590.00",30.52M,-7.27%,INFY
13-04-2022,"1,748.55","1,754.95","1,757.50","1,732.00",6.26M,0.35%,INFY
12-04-2022,"1,742.45","1,757.50","1,757.50","1,727.75",6.46M,-1.36%,INFY
11-04-2022,"1,766.55","1,814.00","1,814.00","1,762.55",8.25M,-2.65%,INFY
08-04-2022,"1,814.60","1,823.00","1,838.00","1,808.00",5.13M,0.20%,INFY
07-04-2022,"1,811.00","1,821.05","1,828.15","1,807.55",5.80M,-0.98%,INFY
06-04-2022,"1,828.85","1,855.00","1,857.50","1,822.15",5.41M,-1.73%,INFY
05-04-2022,"1,861.10","1,883.80","1,889.60","1,857.15",5.47M,-1.16%,INFY
04-04-2022,"1,882.95","1,889.75","1,893.00","1,873.00",7.36M,-1.08%,INFY
01-04-2022,"1,903.55","1,886.85","1,910.30","1,878.30",6.17M,-0.17%,INFY
31-03-2022,"1,906.85","1,900.00","1,913.00","1,894.20",5.40M,0.15%,INFY
30-03-2022,"1,903.95","1,910.00","1,919.00","1,895.00",7.80M,0.95%,INFY
29-03-2022,"1,886.00","1,873.90","1,889.40","1,860.55",3.92M,0.65%,INFY
28-03-2022,"1,873.90","1,866.00","1,880.90","1,852.65",4.01M,-0.14%,INFY
25-03-2022,"1,876.55","1,892.00","1,894.00","1,858.00",3.44M,-0.54%,INFY
24-03-2022,"1,886.70","1,856.15","1,894.60","1,856.15",3.78M,0.76%,INFY
23-03-2022,"1,872.40","1,897.00","1,900.00","1,857.00",6.19M,-0.79%,INFY
22-03-2022,"1,887.40","1,850.00","1,890.00","1,839.00",5.71M,1.85%,INFY
21-03-2022,"1,853.05","1,861.00","1,886.90","1,841.10",8.36M,-0.08%,INFY
17-03-2022,"1,854.60","1,923.30","1,923.30","1,833.05",17.73M,-1.84%,INFY
16-03-2022,"1,889.40","1,865.00","1,893.95","1,849.00",5.23M,2.72%,INFY
15-03-2022,"1,839.30","1,888.35","1,888.35","1,830.00",7.14M,-2.72%,INFY
14-03-2022,"1,890.70","1,831.55","1,895.00","1,831.55",10.29M,3.77%,INFY
11-03-2022,"1,822.00","1,814.00","1,831.40","1,811.00",4.76M,-0.21%,INFY
10-03-2022,"1,825.90","1,844.75","1,844.75","1,810.20",6.55M,0.69%,INFY
09-03-2022,"1,813.35","1,791.00","1,831.60","1,791.00",10.19M,1.98%,INFY
08-03-2022,"1,778.20","1,718.45","1,800.00","1,718.45",10.98M,2.20%,INFY
07-03-2022,"1,739.85","1,697.00","1,751.00","1,696.00",9.74M,0.96%,INFY
04-03-2022,"1,723.30","1,695.25","1,736.00","1,681.00",9.07M,0.14%,INFY
03-03-2022,"1,720.85","1,720.20","1,733.90","1,705.55",7.34M,1.06%,INFY
02-03-2022,"1,702.80","1,710.00","1,714.40","1,691.00",6.77M,-0.75%,INFY
28-02-2022,"1,715.60","1,682.20","1,728.05","1,665.00",15.08M,1.24%,INFY
25-02-2022,"1,694.60","1,715.00","1,728.15","1,677.00",9.74M,0.98%,INFY
24-02-2022,"1,678.15","1,690.10","1,714.95","1,670.50",13.59M,-3.71%,INFY
23-02-2022,"1,742.85","1,750.00","1,758.25","1,733.40",5.48M,0.49%,INFY
22-02-2022,"1,734.35","1,699.90","1,751.00","1,691.05",8.88M,0.21%,INFY
21-02-2022,"1,730.70","1,701.00","1,737.30","1,691.50",5.12M,1.39%,INFY
18-02-2022,"1,706.95","1,710.00","1,722.50","1,703.50",5.60M,-1.03%,INFY
17-02-2022,"1,724.80","1,744.00","1,749.00","1,720.30",3.94M,-0.49%,INFY
16-02-2022,"1,733.30","1,738.25","1,755.45","1,726.85",5.35M,-0.28%,INFY
15-02-2022,"1,738.25","1,699.00","1,746.75","1,690.45",4.67M,3.33%,INFY
14-02-2022,"1,682.20","1,690.00","1,718.55","1,678.25",7.46M,-2.27%,INFY
11-02-2022,"1,721.35","1,740.00","1,745.95","1,713.00",7.55M,-2.73%,INFY
10-02-2022,"1,769.60","1,755.65","1,773.90","1,748.75",4.33M,1.86%,INFY
09-02-2022,"1,737.30","1,735.00","1,743.00","1,725.00",3.87M,1.16%,INFY
08-02-2022,"1,717.30","1,710.00","1,725.00","1,696.00",6.05M,0.13%,INFY
07-02-2022,"1,715.00","1,722.20","1,732.00","1,695.40",4.31M,-1.50%,INFY
04-02-2022,"1,741.10","1,732.00","1,753.95","1,710.15",4.70M,0.15%,INFY
03-02-2022,"1,738.55","1,779.00","1,779.00","1,734.00",3.83M,-2.72%,INFY
02-02-2022,"1,787.10","1,789.00","1,792.80","1,772.00",4.25M,0.85%,INFY
01-02-2022,"1,772.05","1,766.10","1,780.00","1,734.70",5.12M,2.06%,INFY
31-01-2022,"1,736.20","1,718.00","1,749.50","1,715.35",8.79M,2.97%,INFY
28-01-2022,"1,686.20","1,681.00","1,727.55","1,679.50",11.00M,0.45%,INFY
27-01-2022,"1,678.60","1,702.00","1,709.70","1,665.00",11.23M,-2.53%,INFY
25-01-2022,"1,722.15","1,726.60","1,740.00","1,700.50",9.14M,-0.84%,INFY
24-01-2022,"1,736.80","1,765.00","1,768.65","1,728.00",7.12M,-2.74%,INFY
21-01-2022,"1,785.70","1,795.00","1,808.00","1,776.00",8.25M,-2.08%,INFY
20-01-2022,"1,823.70","1,844.00","1,848.00","1,815.50",5.53M,-2.32%,INFY
19-01-2022,"1,867.05","1,916.00","1,916.00","1,862.85",5.75M,-2.80%,INFY
18-01-2022,"1,920.75","1,922.10","1,945.00","1,911.45",3.69M,-0.97%,INFY
17-01-2022,"1,939.50","1,938.55","1,953.90","1,930.50",5.26M,0.53%,INFY
14-01-2022,"1,929.35","1,882.00","1,933.00","1,881.00",7.69M,1.72%,INFY
13-01-2022,"1,896.80","1,905.00","1,912.50","1,866.35",14.28M,1.03%,INFY
12-01-2022,"1,877.45","1,868.90","1,889.00","1,860.00",5.36M,1.18%,INFY
11-01-2022,"1,855.60","1,855.00","1,870.00","1,850.15",5.14M,0.26%,INFY
10-01-2022,"1,850.75","1,815.00","1,869.90","1,813.00",7.86M,2.01%,INFY
07-01-2022,"1,814.30","1,815.45","1,836.00","1,806.80",4.83M,-0.19%,INFY
06-01-2022,"1,817.80","1,828.00","1,828.00","1,800.00",6.45M,-1.46%,INFY
05-01-2022,"1,844.65","1,900.00","1,902.90","1,840.00",7.00M,-2.87%,INFY
04-01-2022,"1,899.15","1,898.45","1,906.65","1,878.00",3.92M,0.04%,INFY
03-01-2022,"1,898.45","1,887.75","1,914.05","1,887.75",3.33M,0.57%,INFY
31-12-2021,"1,887.75","1,890.00","1,898.35","1,871.65",4.62M,-0.27%,INFY
30-12-2021,"1,892.85","1,884.50","1,909.80","1,874.35",4.58M,0.39%,INFY
29-12-2021,"1,885.55","1,883.50","1,893.80","1,876.40",3.24M,-0.13%,INFY
28-12-2021,"1,888.00","1,880.70","1,895.90","1,878.40",3.34M,1.17%,INFY
27-12-2021,"1,866.15","1,860.00","1,874.50","1,845.05",2.65M,0.14%,INFY
24-12-2021,"1,863.50","1,872.95","1,875.75","1,854.00",3.78M,0.32%,INFY
23-12-2021,"1,857.60","1,831.25","1,861.60","1,827.00",4.11M,1.80%,INFY
22-12-2021,"1,824.70","1,825.00","1,829.15","1,812.35",4.16M,0.72%,INFY
21-12-2021,"1,811.60","1,801.00","1,838.00","1,801.00",5.35M,0.71%,INFY
20-12-2021,"1,798.90","1,801.70","1,829.65","1,787.30",5.77M,-1.21%,INFY
17-12-2021,"1,820.85","1,820.00","1,842.00","1,806.75",18.89M,2.78%,INFY
16-12-2021,"1,771.60","1,762.65","1,777.60","1,758.00",4.48M,2.16%,INFY
15-12-2021,"1,734.20","1,745.00","1,747.95","1,721.20",3.05M,-1.02%,INFY
14-12-2021,"1,752.15","1,730.90","1,763.00","1,710.35",4.77M,0.43%,INFY
13-12-2021,"1,744.65","1,767.05","1,771.35","1,738.80",4.04M,-0.83%,INFY
10-12-2021,"1,759.25","1,760.00","1,763.75","1,746.00",1.82M,-0.24%,INFY
09-12-2021,"1,763.45","1,759.00","1,769.40","1,742.00",2.08M,0.58%,INFY
08-12-2021,"1,753.35","1,733.00","1,759.80","1,732.60",3.03M,2.44%,INFY
07-12-2021,"1,711.65","1,701.10","1,724.90","1,694.00",4.20M,0.96%,INFY
06-12-2021,"1,695.30","1,730.00","1,733.95","1,691.50",3.99M,-2.32%,INFY
03-12-2021,"1,735.55","1,771.10","1,786.65","1,732.55",6.75M,-0.73%,INFY
02-12-2021,"1,748.25","1,715.00","1,750.50","1,711.35",5.56M,1.94%,INFY
01-12-2021,"1,714.90","1,715.00","1,741.90","1,713.00",5.19M,0.13%,INFY
30-11-2021,"1,712.65","1,704.55","1,729.90","1,700.05",14.81M,0.96%,INFY
29-11-2021,"1,696.35","1,691.00","1,712.00","1,669.15",3.94M,0.28%,INFY
26-11-2021,"1,691.65","1,702.55","1,718.35","1,684.00",4.49M,-1.79%,INFY
25-11-2021,"1,722.40","1,700.00","1,726.20","1,696.95",4.48M,1.56%,INFY
24-11-2021,"1,696.00","1,740.00","1,740.50","1,688.00",7.33M,-2.35%,INFY
23-11-2021,"1,736.90","1,735.10","1,747.25","1,710.00",8.44M,-1.28%,INFY
22-11-2021,"1,759.40","1,784.00","1,785.40","1,751.15",6.62M,-1.12%,INFY
18-11-2021,"1,779.40","1,781.60","1,789.45","1,759.00",4.33M,-0.45%,INFY
17-11-2021,"1,787.45","1,792.55","1,802.00","1,780.70",4.73M,-0.27%,INFY
16-11-2021,"1,792.30","1,790.00","1,808.95","1,777.00",6.03M,0.29%,INFY
15-11-2021,"1,787.15","1,782.10","1,800.00","1,775.50",4.35M,0.39%,INFY
12-11-2021,"1,780.20","1,743.00","1,782.85","1,738.05",5.07M,2.71%,INFY
11-11-2021,"1,733.30","1,732.95","1,739.75","1,709.00",4.73M,-0.39%,INFY
10-11-2021,"1,740.15","1,726.00","1,750.95","1,721.95",4.78M,-0.13%,INFY
09-11-2021,"1,742.50","1,734.75","1,750.00","1,726.00",4.02M,0.29%,INFY
08-11-2021,"1,737.50","1,730.00","1,741.00","1,703.00",5.25M,1.69%,INFY
04-11-2021,"1,708.70","1,715.00","1,717.00","1,705.00",483.41K,0.36%,INFY
03-11-2021,"1,702.50","1,709.00","1,717.45","1,699.00",3.53M,0.27%,INFY
02-11-2021,"1,697.90","1,695.00","1,706.45","1,686.35",3.47M,-0.13%,INFY
01-11-2021,"1,700.05","1,677.50","1,707.20","1,676.00",3.64M,1.94%,INFY
29-10-2021,"1,667.75","1,699.00","1,712.60","1,661.05",5.88M,-2.12%,INFY
28-10-2021,"1,703.90","1,719.35","1,724.75","1,692.05",5.33M,-1.45%,INFY
27-10-2021,"1,728.95","1,709.10","1,734.15","1,701.15",5.09M,1.48%,INFY
26-10-2021,"1,703.70","1,710.05","1,726.60","1,695.90",5.87M,-0.23%,INFY
25-10-2021,"1,707.55","1,722.05","1,729.75","1,687.20",5.91M,-0.71%,INFY
22-10-2021,"1,719.80","1,749.90","1,763.20","1,707.00",7.37M,-1.93%,INFY
21-10-2021,"1,753.65","1,814.00","1,814.00","1,746.85",8.78M,-2.70%,INFY
20-10-2021,"1,802.35","1,829.40","1,848.00","1,794.05",5.88M,-1.09%,INFY
19-10-2021,"1,822.15","1,814.00","1,834.50","1,782.30",10.32M,1.67%,INFY
18-10-2021,"1,792.15","1,740.00","1,799.00","1,740.00",13.44M,4.45%,INFY
14-10-2021,"1,715.75","1,754.00","1,783.60","1,698.20",19.66M,0.38%,INFY
13-10-2021,"1,709.20","1,695.95","1,713.65","1,680.05",7.10M,1.43%,INFY
12-10-2021,"1,685.15","1,677.00","1,689.00","1,662.00",7.44M,-0.34%,INFY
11-10-2021,"1,690.95","1,682.00","1,730.00","1,663.70",8.84M,-1.91%,INFY
08-10-2021,"1,723.85","1,705.25","1,731.50","1,698.40",4.74M,1.94%,INFY
07-10-2021,"1,691.00","1,687.00","1,704.20","1,676.65",5.48M,1.04%,INFY
06-10-2021,"1,673.55","1,702.10","1,709.00","1,670.00",4.27M,-1.14%,INFY
05-10-2021,"1,692.80","1,671.00","1,702.95","1,663.00",4.37M,0.84%,INFY
04-10-2021,"1,678.75","1,672.50","1,688.00","1,665.40",2.95M,0.82%,INFY
01-10-2021,"1,665.15","1,665.10","1,678.95","1,661.25",5.73M,-0.60%,INFY
30-09-2021,"1,675.20","1,703.00","1,703.00","1,670.10",6.91M,-1.01%,INFY
29-09-2021,"1,692.25","1,659.25","1,701.40","1,655.00",7.79M,0.31%,INFY
28-09-2021,"1,687.10","1,710.00","1,710.00","1,675.00",6.56M,-1.98%,INFY
27-09-2021,"1,721.15","1,768.75","1,769.00","1,718.10",5.05M,-2.42%,INFY
24-09-2021,"1,763.85","1,758.00","1,788.00","1,752.45",8.28M,1.22%,INFY
23-09-2021,"1,742.55","1,732.00","1,745.00","1,721.10",3.83M,1.49%,INFY
22-09-2021,"1,716.90","1,717.00","1,738.90","1,713.05",4.55M,-0.09%,INFY
21-09-2021,"1,718.45","1,700.00","1,726.75","1,684.65",4.67M,1.81%,INFY
20-09-2021,"1,687.85","1,685.00","1,707.70","1,677.95",5.66M,-0.20%,INFY
17-09-2021,"1,691.30","1,697.00","1,718.00","1,684.45",7.45M,-0.64%,INFY
16-09-2021,"1,702.25","1,715.20","1,719.25","1,691.45",3.25M,-0.54%,INFY
15-09-2021,"1,711.45","1,693.25","1,715.10","1,690.20",4.06M,1.50%,INFY
14-09-2021,"1,686.15","1,695.95","1,695.95","1,678.60",4.95M,-0.34%,INFY
13-09-2021,"1,691.90","1,683.00","1,701.50","1,675.20",4.66M,0.02%,INFY
09-09-2021,"1,691.60","1,685.90","1,694.90","1,682.15",3.33M,-0.10%,INFY
08-09-2021,"1,693.25","1,700.85","1,700.85","1,682.95",4.58M,-0.79%,INFY
07-09-2021,"1,706.65","1,730.00","1,734.90","1,704.00",3.52M,-1.37%,INFY
06-09-2021,"1,730.40","1,705.15","1,732.00","1,699.35",4.88M,1.75%,INFY
03-09-2021,"1,700.65","1,696.05","1,705.95","1,684.40",5.34M,0.68%,INFY
02-09-2021,"1,689.10","1,677.35","1,694.30","1,662.65",6.83M,0.68%,INFY
01-09-2021,"1,677.75","1,709.50","1,709.50","1,673.15",7.80M,-1.68%,INFY
31-08-2021,"1,706.45","1,700.15","1,715.00","1,685.85",12.26M,0.49%,INFY
30-08-2021,"1,698.05","1,703.05","1,718.65","1,690.40",6.56M,-0.63%,INFY
27-08-2021,"1,708.80","1,725.00","1,727.70","1,705.20",6.70M,-1.09%,INFY
26-08-2021,"1,727.70","1,734.00","1,746.00","1,720.00",5.30M,-0.45%,INFY
25-08-2021,"1,735.55","1,718.00","1,746.90","1,718.00",6.15M,0.85%,INFY
24-08-2021,"1,720.85","1,750.00","1,757.00","1,712.70",7.60M,-1.03%,INFY
23-08-2021,"1,738.75","1,735.75","1,753.15","1,732.00",6.19M,0.33%,INFY
20-08-2021,"1,732.95","1,716.10","1,745.00","1,716.10",6.21M,-0.03%,INFY
18-08-2021,"1,733.45","1,729.00","1,755.50","1,727.00",6.69M,-0.47%,INFY
17-08-2021,"1,741.65","1,703.90","1,748.90","1,686.55",9.51M,2.19%,INFY
16-08-2021,"1,704.40","1,707.70","1,719.95","1,690.10",4.56M,-0.46%,INFY
13-08-2021,"1,712.20","1,697.00","1,722.50","1,691.30",5.61M,1.34%,INFY
12-08-2021,"1,689.60","1,679.15","1,696.50","1,674.00",5.66M,0.72%,INFY
11-08-2021,"1,677.55","1,674.80","1,684.00","1,668.00",4.90M,0.02%,INFY
10-08-2021,"1,677.25","1,668.00","1,680.00","1,661.05",6.85M,0.84%,INFY
09-08-2021,"1,663.30","1,661.00","1,667.45","1,646.40",5.02M,0.79%,INFY
06-08-2021,"1,650.20","1,657.00","1,660.65","1,644.00",3.75M,-0.20%,INFY
05-08-2021,"1,653.55","1,649.50","1,666.00","1,647.05",5.42M,0.26%,INFY
04-08-2021,"1,649.25","1,669.10","1,679.90","1,639.05",6.74M,-0.36%,INFY
03-08-2021,"1,655.20","1,647.00","1,658.65","1,635.60",5.51M,1.45%,INFY
02-08-2021,"1,631.55","1,627.45","1,634.75","1,619.20",5.55M,1.31%,INFY
30-07-2021,"1,610.50","1,610.00","1,623.40","1,606.15",6.23M,-0.40%,INFY
29-07-2021,"1,617.00","1,600.10","1,620.00","1,600.10",4.66M,0.71%,INFY
28-07-2021,"1,605.60","1,605.10","1,607.60","1,585.50",4.69M,0.19%,INFY
27-07-2021,"1,602.55","1,605.00","1,609.30","1,597.90",5.89M,-0.08%,INFY
26-07-2021,"1,603.90","1,594.10","1,611.65","1,594.10",4.59M,0.85%,INFY
23-07-2021,"1,590.45","1,588.55","1,598.50","1,585.05",4.18M,0.02%,INFY
22-07-2021,"1,590.20","1,561.40","1,592.85","1,561.40",7.85M,2.59%,INFY
20-07-2021,"1,550.05","1,538.30","1,557.70","1,538.00",5.07M,0.54%,INFY
19-07-2021,"1,541.70","1,544.70","1,552.90","1,537.55",5.67M,-0.88%,INFY
16-07-2021,"1,555.45","1,573.75","1,574.65","1,549.60",6.27M,-1.60%,INFY
15-07-2021,"1,580.80","1,557.90","1,596.85","1,556.00",10.02M,0.25%,INFY
14-07-2021,"1,576.90","1,554.00","1,582.80","1,538.10",5.66M,2.07%,INFY
13-07-2021,"1,544.95","1,556.40","1,556.40","1,536.30",4.46M,-0.19%,INFY
12-07-2021,"1,547.85","1,570.55","1,578.00","1,533.75",4.59M,-0.96%,INFY
09-07-2021,"1,562.90","1,556.00","1,569.90","1,551.00",3.44M,0.14%,INFY
08-07-2021,"1,560.75","1,568.00","1,576.00","1,549.00",3.33M,-0.25%,INFY
07-07-2021,"1,564.60","1,566.05","1,570.55","1,544.65",4.80M,0.15%,INFY
06-07-2021,"1,562.20","1,573.70","1,586.75","1,557.10",4.09M,-1.06%,INFY
05-07-2021,"1,578.95","1,569.15","1,585.00","1,561.05",4.06M,0.71%,INFY
02-07-2021,"1,567.80","1,558.95","1,569.45","1,542.60",5.17M,0.47%,INFY
01-07-2021,"1,560.40","1,576.85","1,576.85","1,559.05",4.81M,-1.29%,INFY
30-06-2021,"1,580.80","1,572.05","1,591.00","1,572.05",6.06M,1.14%,INFY
29-06-2021,"1,563.05","1,561.00","1,573.65","1,559.20",5.91M,-0.56%,INFY
28-06-2021,"1,571.80","1,572.90","1,580.15","1,560.60",5.02M,-0.15%,INFY
25-06-2021,"1,574.20","1,572.00","1,578.00","1,543.00",9.78M,0.96%,INFY
24-06-2021,"1,559.20","1,517.00","1,568.75","1,511.20",10.79M,3.73%,INFY
23-06-2021,"1,503.15","1,525.00","1,525.00","1,498.65",5.53M,-0.58%,INFY
22-06-2021,"1,511.85","1,509.70","1,521.45","1,502.10",6.43M,0.77%,INFY
21-06-2021,"1,500.30","1,493.00","1,505.80","1,484.20",5.45M,-0.20%,INFY
18-06-2021,"1,503.30","1,509.00","1,515.80","1,487.40",13.53M,0.54%,INFY
17-06-2021,"1,495.30","1,475.10","1,502.65","1,475.10",7.68M,0.99%,INFY
16-06-2021,"1,480.60","1,472.70","1,489.45","1,467.50",7.66M,0.45%,INFY
15-06-2021,"1,473.90","1,464.00","1,476.00","1,463.00",5.40M,0.83%,INFY
14-06-2021,"1,461.80","1,471.00","1,477.00","1,453.45",7.13M,1.03%,INFY
11-06-2021,"1,446.90","1,430.10","1,451.60","1,429.45",6.14M,1.59%,INFY
10-06-2021,"1,424.30","1,424.00","1,429.00","1,419.00",3.50M,0.64%,INFY
09-06-2021,"1,415.30","1,413.40","1,425.00","1,404.60",5.39M,0.17%,INFY
08-06-2021,"1,412.95","1,396.00","1,421.75","1,395.55",7.36M,1.68%,INFY
07-06-2021,"1,389.65","1,391.00","1,392.00","1,377.30",5.15M,0.29%,INFY
04-06-2021,"1,385.65","1,393.95","1,396.90","1,377.65",4.19M,-0.29%,INFY
03-06-2021,"1,389.65","1,388.10","1,399.00","1,377.05",5.12M,0.80%,INFY
02-06-2021,"1,378.65","1,380.75","1,391.95","1,365.00",9.27M,-0.62%,INFY
01-06-2021,"1,387.20","1,400.00","1,401.00","1,378.65",4.79M,-0.47%,INFY
31-05-2021,"1,393.75","1,401.50","1,401.50","1,383.00",4.43M,-0.80%,INFY
28-05-2021,"1,405.05","1,409.75","1,414.00","1,396.10",4.26M,0.20%,INFY
27-05-2021,"1,402.25","1,404.20","1,416.25","1,391.70",15.37M,0.36%,INFY
26-05-2021,"1,397.25","1,367.90","1,400.00","1,362.05",6.85M,2.62%,INFY
25-05-2021,"1,361.60","1,358.00","1,368.00","1,354.45",4.10M,1.01%,INFY
24-05-2021,"1,348.05","1,356.65","1,363.00","1,345.10",4.23M,-0.48%,INFY
21-05-2021,"1,354.50","1,347.50","1,357.50","1,346.35",4.97M,1.13%,INFY
20-05-2021,"1,339.30","1,348.40","1,349.10","1,335.00",4.49M,0.17%,INFY
19-05-2021,"1,337.00","1,342.00","1,357.45","1,333.25",4.44M,-0.22%,INFY
18-05-2021,"1,340.00","1,338.00","1,344.60","1,329.50",5.62M,0.80%,INFY
17-05-2021,"1,329.40","1,320.30","1,334.95","1,320.30",5.02M,0.99%,INFY
14-05-2021,"1,316.40","1,326.85","1,326.85","1,311.30",4.82M,-0.80%,INFY
12-05-2021,"1,327.00","1,330.00","1,330.00","1,314.50",5.24M,-0.27%,INFY
11-05-2021,"1,330.65","1,336.90","1,341.00","1,325.10",6.42M,-0.66%,INFY
10-05-2021,"1,339.55","1,349.85","1,352.90","1,335.05",7.20M,-0.96%,INFY
07-05-2021,"1,352.55","1,365.30","1,373.05","1,348.50",4.99M,-0.66%,INFY
06-05-2021,"1,361.60","1,345.00","1,364.70","1,337.40",4.81M,1.50%,INFY
05-05-2021,"1,341.50","1,341.10","1,343.90","1,327.80",3.94M,0.91%,INFY
04-05-2021,"1,329.40","1,354.00","1,354.95","1,324.10",4.89M,-1.68%,INFY
03-05-2021,"1,352.05","1,340.80","1,361.00","1,338.00",4.56M,-0.17%,INFY
30-04-2021,"1,354.35","1,346.30","1,373.90","1,345.90",8.35M,-0.15%,INFY
29-04-2021,"1,356.35","1,368.00","1,369.00","1,351.40",5.41M,0.03%,INFY
28-04-2021,"1,356.00","1,358.00","1,359.50","1,344.60",4.88M,0.56%,INFY
27-04-2021,"1,348.50","1,346.00","1,353.00","1,340.15",3.64M,0.37%,INFY
26-04-2021,"1,343.55","1,332.25","1,351.30","1,321.00",7.09M,0.73%,INFY
23-04-2021,"1,333.80","1,343.00","1,348.40","1,331.00",7.32M,-1.28%,INFY
22-04-2021,"1,351.10","1,355.55","1,364.80","1,345.15",6.62M,-0.02%,INFY
20-04-2021,"1,351.35","1,379.00","1,379.00","1,342.40",8.56M,-0.82%,INFY
19-04-2021,"1,362.55","1,340.00","1,379.70","1,332.35",12.51M,0.65%,INFY
16-04-2021,"1,353.75","1,365.00","1,370.85","1,346.60",10.88M,-0.51%,INFY
15-04-2021,"1,360.75","1,332.30","1,366.40","1,320.00",25.34M,-2.61%,INFY
13-04-2021,"1,397.15","1,433.00","1,435.25","1,375.00",14.86M,-2.01%,INFY
12-04-2021,"1,425.75","1,474.00","1,477.55","1,415.00",20.38M,-1.06%,INFY
09-04-2021,"1,441.05","1,455.00","1,455.00","1,430.05",6.05M,0.08%,INFY
08-04-2021,"1,439.85","1,430.00","1,451.70","1,421.00",5.65M,0.67%,INFY
07-04-2021,"1,430.20","1,410.25","1,434.95","1,406.60",5.88M,1.36%,INFY
06-04-2021,"1,411.05","1,423.00","1,426.00","1,406.45",5.79M,0.08%,INFY
05-04-2021,"1,409.90","1,391.00","1,425.00","1,387.00",9.48M,1.78%,INFY
01-04-2021,"1,385.20","1,380.00","1,391.60","1,371.00",5.68M,1.25%,INFY
31-03-2021,"1,368.05","1,382.00","1,388.00","1,363.30",8.22M,-1.25%,INFY
30-03-2021,"1,385.30","1,346.90","1,400.00","1,336.15",10.55M,3.67%,INFY
26-03-2021,"1,336.20","1,344.70","1,356.70","1,332.00",4.92M,0.18%,INFY
25-03-2021,"1,333.80","1,346.75","1,352.50","1,327.60",8.75M,-1.47%,INFY
24-03-2021,"1,353.75","1,357.85","1,370.45","1,346.25",6.13M,-1.30%,INFY
23-03-2021,"1,371.55","1,372.45","1,383.25","1,359.60",7.17M,0.05%,INFY
22-03-2021,"1,370.80","1,350.10","1,376.00","1,336.10",4.86M,1.96%,INFY
19-03-2021,"1,344.45","1,330.00","1,355.20","1,318.00",12.77M,0.55%,INFY
18-03-2021,"1,337.10","1,393.75","1,393.75","1,313.50",10.96M,-3.60%,INFY
17-03-2021,"1,387.00","1,392.25","1,400.00","1,382.00",7.63M,0.22%,INFY
16-03-2021,"1,384.00","1,386.05","1,406.00","1,380.50",9.35M,0.76%,INFY
15-03-2021,"1,373.60","1,370.00","1,379.90","1,358.50",6.66M,-0.09%,INFY
12-03-2021,"1,374.85","1,373.00","1,391.70","1,370.05",9.46M,0.49%,INFY
10-03-2021,"1,368.15","1,356.90","1,374.00","1,355.00",7.93M,1.68%,INFY
09-03-2021,"1,345.55","1,329.50","1,350.45","1,318.75",6.52M,0.73%,INFY
08-03-2021,"1,335.75","1,324.80","1,346.10","1,317.20",5.12M,1.45%,INFY
05-03-2021,"1,316.70","1,328.50","1,340.00","1,305.05",6.49M,-1.03%,INFY
04-03-2021,"1,330.35","1,335.00","1,363.85","1,325.90",12.04M,-0.98%,INFY
03-03-2021,"1,343.55","1,319.20","1,347.00","1,308.00",9.06M,2.99%,INFY
02-03-2021,"1,304.50","1,282.25","1,310.00","1,279.20",10.46M,2.96%,INFY
01-03-2021,"1,267.00","1,263.30","1,284.50","1,259.00",5.76M,1.09%,INFY
26-02-2021,"1,253.30","1,269.00","1,274.30","1,244.75",15.13M,-1.67%,INFY
25-02-2021,"1,274.55","1,288.45","1,299.75","1,272.00",8.79M,0.02%,INFY
24-02-2021,"1,274.30","1,260.05","1,276.60","1,252.00",4.54M,0.63%,INFY
23-02-2021,"1,266.35","1,271.15","1,291.00","1,257.55",6.61M,0.09%,INFY
22-02-2021,"1,265.20","1,295.00","1,308.55","1,260.00",7.37M,-2.02%,INFY
19-02-2021,"1,291.30","1,296.10","1,299.50","1,276.80",5.39M,-0.09%,INFY
18-02-2021,"1,292.45","1,276.00","1,306.00","1,275.00",6.44M,0.87%,INFY
17-02-2021,"1,281.30","1,290.40","1,294.50","1,275.00",4.58M,-0.71%,INFY
16-02-2021,"1,290.40","1,314.00","1,319.75","1,286.00",6.90M,-1.47%,INFY
15-02-2021,"1,309.65","1,320.00","1,328.40","1,307.10",4.36M,-0.01%,INFY
12-02-2021,"1,309.80","1,305.00","1,323.75","1,301.55",5.80M,1.33%,INFY
11-02-2021,"1,292.65","1,289.00","1,296.00","1,283.05",4.67M,-0.30%,INFY
10-02-2021,"1,296.50","1,295.80","1,304.35","1,283.60",5.95M,-0.69%,INFY
09-02-2021,"1,305.55","1,306.90","1,332.00","1,297.85",7.97M,0.15%,INFY
08-02-2021,"1,303.55","1,285.50","1,310.00","1,275.50",6.92M,2.47%,INFY
05-02-2021,"1,272.10","1,286.40","1,288.75","1,262.00",5.48M,-0.57%,INFY
04-02-2021,"1,279.35","1,285.00","1,293.40","1,272.05",5.03M,-0.41%,INFY
03-02-2021,"1,284.65","1,277.65","1,304.00","1,273.00",8.18M,1.05%,INFY
02-02-2021,"1,271.25","1,280.00","1,294.40","1,263.60",6.89M,0.82%,INFY
01-02-2021,"1,260.90","1,250.55","1,277.95","1,241.00",8.88M,1.76%,INFY
29-01-2021,"1,239.05","1,286.25","1,291.15","1,231.00",12.18M,-2.91%,INFY
28-01-2021,"1,276.20","1,291.80","1,296.45","1,272.55",4.66M,-1.91%,INFY
27-01-2021,"1,301.00","1,319.60","1,327.55","1,285.10",8.13M,-1.82%,INFY
25-01-2021,"1,325.10","1,345.00","1,347.90","1,313.00",6.54M,-1.17%,INFY
22-01-2021,"1,340.85","1,327.00","1,356.00","1,326.55",9.65M,0.09%,INFY
21-01-2021,"1,339.70","1,350.00","1,361.05","1,335.00",6.14M,0.02%,INFY
20-01-2021,"1,339.45","1,320.55","1,348.40","1,320.55",8.23M,1.73%,INFY
19-01-2021,"1,316.65","1,320.00","1,331.00","1,312.00",5.59M,0.35%,INFY
18-01-2021,"1,312.05","1,338.00","1,340.00","1,306.00",8.86M,-2.45%,INFY
15-01-2021,"1,344.95","1,360.00","1,364.45","1,340.00",15.02M,-1.86%,INFY
14-01-2021,"1,370.50","1,360.00","1,384.00","1,318.45",27.52M,-1.20%,INFY
13-01-2021,"1,387.15","1,373.85","1,392.80","1,360.00",14.44M,1.12%,INFY
12-01-2021,"1,371.75","1,378.00","1,378.00","1,360.00",8.31M,-0.32%,INFY
11-01-2021,"1,376.20","1,342.10","1,383.35","1,340.00",20.53M,4.89%,INFY
08-01-2021,"1,312.10","1,278.25","1,316.80","1,278.25",13.19M,3.96%,INFY
07-01-2021,"1,262.15","1,296.00","1,297.65","1,255.50",10.95M,-1.56%,INFY
06-01-2021,"1,282.10","1,300.00","1,302.00","1,268.05",7.16M,-0.90%,INFY
05-01-2021,"1,293.80","1,282.00","1,299.00","1,275.05",8.15M,0.43%,INFY
04-01-2021,"1,288.25","1,269.00","1,290.00","1,261.15",7.21M,2.21%,INFY
01-01-2021,"1,260.45","1,257.90","1,265.50","1,255.80",4.25M,0.37%,INFY
31-12-2020,"1,255.80","1,243.00","1,258.40","1,239.00",7.43M,0.72%,INFY
30-12-2020,"1,246.80","1,253.00","1,253.30","1,238.15",5.19M,-0.28%,INFY
29-12-2020,"1,250.30","1,235.00","1,254.45","1,235.00",6.88M,0.81%,INFY
28-12-2020,"1,240.30","1,238.45","1,248.00","1,236.00",4.61M,0.34%,INFY
24-12-2020,"1,236.05","1,249.90","1,249.90","1,226.00",7.31M,-1.36%,INFY
23-12-2020,"1,253.05","1,238.00","1,258.85","1,230.55",15.88M,2.67%,INFY
22-12-2020,"1,220.50","1,182.00","1,223.85","1,176.10",10.90M,3.67%,INFY
21-12-2020,"1,177.30","1,188.00","1,209.75","1,152.05",10.86M,-1.05%,INFY
18-12-2020,"1,189.80","1,182.85","1,195.00","1,175.60",16.00M,2.64%,INFY
17-12-2020,"1,159.20","1,165.90","1,168.90","1,156.20",6.66M,-0.56%,INFY
16-12-2020,"1,165.70","1,160.00","1,168.90","1,153.60",7.79M,0.96%,INFY
15-12-2020,"1,154.60","1,156.00","1,163.70","1,152.00",6.91M,-0.85%,INFY
14-12-2020,"1,164.55","1,169.40","1,172.60","1,148.20",6.73M,0.12%,INFY
11-12-2020,"1,163.20","1,159.70","1,171.95","1,155.25",10.57M,-0.39%,INFY
10-12-2020,"1,167.75","1,157.40","1,171.65","1,150.00",9.49M,-0.63%,INFY
09-12-2020,"1,175.20","1,168.05","1,179.50","1,157.00",10.04M,1.89%,INFY
08-12-2020,"1,153.35","1,145.00","1,167.00","1,145.00",12.31M,0.86%,INFY
07-12-2020,"1,143.50","1,147.30","1,153.00","1,136.00",7.79M,0.78%,INFY
04-12-2020,"1,134.65","1,125.00","1,137.00","1,115.00",10.56M,0.73%,INFY
03-12-2020,"1,126.45","1,147.00","1,147.00","1,122.70",16.21M,-1.27%,INFY
02-12-2020,"1,140.90","1,134.00","1,147.45","1,121.00",6.74M,0.27%,INFY
01-12-2020,"1,137.85","1,105.05","1,140.25","1,105.05",8.93M,3.44%,INFY
27-11-2020,"1,100.00","1,118.00","1,121.00","1,091.00",25.31M,-1.19%,INFY
26-11-2020,"1,113.20","1,119.95","1,119.95","1,098.30",10.96M,-0.22%,INFY
25-11-2020,"1,115.65","1,137.00","1,143.50","1,111.25",8.96M,-2.14%,INFY
24-11-2020,"1,140.05","1,145.00","1,154.90","1,133.35",8.52M,0.02%,INFY
23-11-2020,"1,139.85","1,105.00","1,144.80","1,101.95",10.55M,3.31%,INFY
20-11-2020,"1,103.35","1,106.00","1,109.00","1,091.10",8.06M,0.60%,INFY
19-11-2020,"1,096.75","1,100.00","1,114.70","1,093.80",10.09M,-1.24%,INFY
18-11-2020,"1,110.55","1,128.50","1,132.70","1,101.45",9.84M,-1.17%,INFY
17-11-2020,"1,123.70","1,144.75","1,145.00","1,112.65",12.81M,-0.04%,INFY
13-11-2020,"1,124.20","1,120.00","1,133.00","1,117.00",6.36M,0.58%,INFY
12-11-2020,"1,117.75","1,128.10","1,142.00","1,113.75",9.18M,-0.42%,INFY
11-11-2020,"1,122.50","1,096.00","1,126.35","1,087.00",12.51M,2.88%,INFY
10-11-2020,"1,091.05","1,113.85","1,113.85","1,078.00",15.62M,-4.00%,INFY
09-11-2020,"1,136.55","1,129.30","1,146.00","1,121.15",10.16M,2.14%,INFY
06-11-2020,"1,112.75","1,108.00","1,121.10","1,091.70",8.81M,0.79%,INFY
05-11-2020,"1,104.00","1,109.90","1,123.00","1,099.00",9.57M,0.92%,INFY
04-11-2020,"1,093.95","1,068.00","1,116.00","1,066.80",15.70M,2.96%,INFY
03-11-2020,"1,062.55","1,072.00","1,079.40","1,057.50",7.20M,-0.91%,INFY
02-11-2020,"1,072.30","1,065.00","1,079.95","1,051.10",7.18M,1.10%,INFY
30-10-2020,"1,060.60","1,072.00","1,083.60","1,052.35",8.80M,-1.33%,INFY
29-10-2020,"1,074.85","1,070.00","1,082.00","1,060.10",6.94M,-0.16%,INFY
28-10-2020,"1,076.55","1,095.50","1,104.75","1,070.05",7.61M,-1.31%,INFY
27-10-2020,"1,090.85","1,105.70","1,109.70","1,077.15",10.17M,-1.94%,INFY
26-10-2020,"1,112.45","1,122.25","1,129.60","1,103.15",6.31M,-0.90%,INFY
23-10-2020,"1,122.50","1,133.00","1,135.00","1,120.15",9.07M,-0.58%,INFY
22-10-2020,"1,129.05","1,142.00","1,158.00","1,123.80",11.27M,-1.68%,INFY
21-10-2020,"1,148.35","1,141.15","1,154.35","1,135.00",19.81M,0.95%,INFY
20-10-2020,"1,137.50","1,118.90","1,144.70","1,110.00",10.45M,1.03%,INFY
19-10-2020,"1,125.90","1,135.00","1,139.00","1,115.30",12.90M,-0.14%,INFY
16-10-2020,"1,127.50","1,113.85","1,135.95","1,096.90",18.37M,1.74%,INFY
15-10-2020,"1,108.25","1,180.00","1,186.00","1,092.50",44.29M,-2.53%,INFY
14-10-2020,"1,137.00","1,162.00","1,164.90","1,131.10",16.65M,-1.80%,INFY
13-10-2020,"1,157.80","1,135.55","1,166.05","1,135.55",17.52M,2.27%,INFY
12-10-2020,"1,132.10","1,123.00","1,140.00","1,112.10",14.63M,2.29%,INFY
09-10-2020,"1,106.80","1,095.10","1,113.30","1,088.45",10.57M,1.20%,INFY
08-10-2020,"1,093.70","1,090.00","1,124.00","1,088.40",21.48M,2.55%,INFY
07-10-2020,"1,066.55","1,044.90","1,072.00","1,035.50",9.28M,1.02%,INFY
06-10-2020,"1,055.75","1,055.00","1,060.00","1,031.35",9.09M,0.67%,INFY
05-10-2020,"1,048.70","1,018.05","1,054.90","1,018.05",14.21M,3.05%,INFY
01-10-2020,"1,017.65","1,020.60","1,026.50","1,011.75",5.56M,0.93%,INFY
30-09-2020,"1,008.25","1,009.00","1,023.95","1,005.00",8.05M,-0.07%,INFY
29-09-2020,"1,009.00","1,018.00","1,028.00","1,004.10",8.71M,-0.14%,INFY
28-09-2020,"1,010.40","1,014.80","1,016.15",998.5,8.55M,-0.10%,INFY
25-09-2020,"1,011.45",975.8,"1,014.90",975,13.31M,3.70%,INFY
24-09-2020,975.4,"1,003.00","1,009.00",970,14.43M,-4.35%,INFY
23-09-2020,"1,019.75","1,020.15","1,037.00","1,008.10",13.49M,1.22%,INFY
22-09-2020,"1,007.50","1,009.00","1,022.50",991.2,12.63M,-0.24%,INFY
21-09-2020,"1,009.90","1,001.00","1,031.00","1,000.50",14.14M,0.77%,INFY
18-09-2020,"1,002.15","1,011.00","1,018.80",999.1,12.90M,-0.88%,INFY
17-09-2020,"1,011.00",995,"1,021.00",995,15.63M,0.92%,INFY
16-09-2020,"1,001.75",986,"1,005.65",982,10.06M,1.96%,INFY
15-09-2020,982.45,979.5,994,971.65,11.61M,0.41%,INFY
